Titre;Titre VO;Titre VF;Support;Etat;Heures de jeu;Date de début;Date de fin;Possédé;Date sortie EU;Date sortie US;Date sortie JP;Editeur;Développeur;Note perso;Moyenne des votes;Nombre de votes;Genre 1;Genre 2
Age of Empires;Age of Empires;;PC;Fini;0;;;POSSEDE;02/02/1998;15/10/1997;;Microsoft Games;Ensemble Studios;17.0;15.6429;84.0;RTS;
Age of Empires II : The Age of Kings;Age of Empires II : The Age of Kings;;PC;Fini;15;;;POSSEDE;30/09/1999;;;Microsoft Games;Ensemble Studios;18.0;16.7267;150.0;RTS;
Age of Empires III;Age of Empires III;;PC;Fini;0;;;POSSEDE;04/11/2005;18/10/2005;27/01/2006;Microsoft Games;Ensemble Studios;16.0;15.5288;104.0;RTS;
Age of Empires: Definitive Edition;Age of Empires: Definitive Edition;;PC;En cours;1;;;POSSEDE;20/02/2018;20/02/2018;20/02/2018;Forgotten Empires;Microsoft Game Studios;;14.3333;9.0;RTS;
Alan Wake;Alan Wake;;PC;En pause;0;;;POSSEDE;14/05/2010;18/05/2010;23/05/2010;Microsoft Games;Remedy Entertainment;;15.463;54.0;Action/Aventure;
Animal Crossing: New Horizons;Animal Crossing: New Horizons;;Nintendo Switch;Joué;20;;;POSSEDE;20/03/2020;20/03/2020;20/03/2020;Nintendo;Nintendo EPD;16.0;17.1532;248.0;Simulation de vie;
Animal Crossing: New Leaf;Animal Crossing: New Leaf;;Nintendo 3DS;Joué;17;;;POSSEDE;14/06/2013;;08/11/2012;Nintendo;Nintendo;15.0;17.0429;163.0;Gestion;
Anno 1404;Anno 1404;;PC;En pause;0;;;POSSEDE;25/06/2009;25/06/2009;;Ubisoft;Related Designs;;16.3125;32.0;RTS;
Assassin's Creed;Assassin's Creed;;Xbox 360;Fini;0;;;POSSEDE;15/11/2007;13/11/2007;29/11/2007;Ubisoft;Ubisoft Montréal;16.0;16.0885;113.0;Action/Aventure;
Assassin's Creed II;Assassin's Creed II;;Xbox 360;Fini;0;;;POSSEDE;19/11/2009;17/11/2009;03/12/2009;Ubisoft;Ubisoft Montréal;17.0;17.0786;140.0;Action/Aventure;Infiltration
Assassin's Creed III;Assassin's Creed III;;Xbox 360;Fini;0;;;POSSEDE;30/10/2012;30/10/2012;15/11/2012;Ubisoft;Ubisoft Montréal;15.0;15.7699;113.0;Action/Aventure;Infiltration
Assassin's Creed IV: Black Flag;Assassin's Creed IV: Black Flag;;PC;En cours;3;;;POSSEDE;21/11/2013;29/10/2013;28/11/2018;Ubisoft;Ubisoft Montréal;;16.2453;106.0;Action/Aventure;
Assassin's Creed IV: Black Flag;Assassin's Creed IV: Black Flag;;PC;En cours;3;;;POSSEDE;21/11/2013;29/10/2013;28/11/2018;Ubisoft;Ubisoft Kiev;;16.2453;106.0;Action/Aventure;
Assassin's Creed Origins;Assassin's Creed Origins;;PC;En cours;2;;;POSSEDE;27/10/2017;27/10/2017;27/10/2017;Ubisoft Montreal;Ubisoft;;16.5267;131.0;Action-RPG;Aventure
Assassin's Creed: Brotherhood;Assassin's Creed: Brotherhood;;Xbox 360;Fini;0;;;POSSEDE;18/11/2010;16/11/2010;09/12/2010;Ubisoft;Ubisoft Montréal;16.0;16.5895;95.0;Action/Aventure;
Assassin's Creed: Revelations;Assassin's Creed: Revelations;;Xbox 360;Fini;0;;;POSSEDE;15/11/2011;15/11/2011;01/12/2011;Ubisoft;Ubisoft Montréal;15.0;15.8438;64.0;Action/Aventure;
Asterix;Asterix;;Playstation;Fini;0;;;POSSEDE;;;;Infogrames;Sourcery;16.0;14.2;20.0;Action;Stratégie
Astérix;Astérix;;Super Nintendo;Fini;0;;;POSSEDE;;;;Infogrames;Infogrames;16.0;13.7143;14.0;Action;Plates-Formes
Baten Kaitos;Baten Kaitos;;GameCube;Fini;127;;;POSSEDE;01/04/2005;;;Namco;Monolith Soft;19.0;17.5625;32.0;RPG;
Baten Kaitos Origins;Baten Kaitos Origins;;GameCube;Fini;0;;;POSSEDE;;23/02/2006;;Nintendo;Monolith Soft;19.0;18.25;4.0;RPG;
Batman: Arkham Asylum;Batman: Arkham Asylum;;Xbox 360;Fini;0;;;POSSEDE;28/08/2009;25/08/2009;14/01/2001;Eidos Interactive;Rocksteady Studios;18.0;17.5229;109.0;Beat'em All;Action/Aventure
Batman: Arkham City;Batman: Arkham City;;Xbox 360;Fini;0;;;POSSEDE;20/10/2011;18/10/2011;23/11/2011;Warner Bros Games;Rocksteady Studios;16.0;17.5156;64.0;Beat'em All;Action/Aventure
Batman: Arkham Origins;Batman: Arkham Origins;;PC;En cours;0;;;POSSEDE;25/10/2013;25/10/2013;05/12/2013;Warner Bros. Interactive Entertainment;Warner Bros Games Montréal;;15.2982;57.0;Action/Aventure;
Beyond: Two Souls;Beyond: Two Souls;;PC;Fini;9;2025-12-01;2025-12-17;POSSEDE;22/07/2019;22/07/2019;;Sony Computer Entertainment;Quantic Dream;17.0;16.5349;43.0;Aventure Narrative;
Blue Dragon;Blue Dragon;;Xbox 360;Joué;0;;;POSSEDE;27/06/2007;;07/12/2006;Microsoft Games;Mistwalker;13.0;14.4;10.0;RPG;
Bravely Default;Bravely Default;;Nintendo 3DS;Joué;53;;;POSSEDE;06/12/2013;;11/10/2012;Square Enix;Silicon Studio;;17.3514;37.0;RPG;
Bravely Default II;Bravely Default II;;Nintendo Switch;Wishé;0;;;SOUHAITE ACHETER;26/02/2021;26/02/2021;26/02/2021;Square Enix;Square Enix;;14.25;8.0;RPG;
Bully: Scholarship Edition;Bully: Scholarship Edition;;PC;En pause;0;;;POSSEDE;21/10/2008;17/10/2006;24/07/2008;Rockstar Games;Rockstar New England;;16.0667;15.0;Action/Aventure;
Call Of Duty: World At War;Call Of Duty: World At War;;Xbox 360;Fini;0;;;NE POSSEDE PAS;;;;Activision Blizzard;Treyarch;13.0;13.2069;29.0;FPS;
Chrono Trigger;Chrono Trigger;;Nintendo DS;Joué;0;;;POSSEDE;06/02/2009;25/11/2008;20/11/2008;KOCH Media;Square Enix;;18.0909;22.0;RPG;
Chrono Trigger;Chrono Trigger;;PC;En cours;7;;;POSSEDE;27/02/2018;;;Square Enix;Square Enix;;18.0;4.0;RPG;
Cities: Skylines;Cities: Skylines;;PC;En cours;43;;;POSSEDE;10/03/2015;10/03/2015;10/03/2015;Paradox Interactive;Colossal Order;;15.5263;38.0;City Builder;
Civilization V;Civilization V;;PC;Fini;62;;2017-00-00;POSSEDE;24/09/2010;21/09/2010;;2K Games;Firaxis;17.0;16.1494;87.0;RTS;
Civilization VI;Civilization VI;;PC;En cours;2;;;POSSEDE;21/10/2016;21/10/2016;21/10/2016;2K Games;Firaxis;;16.5882;68.0;Gestion;Stratégie
Clair Obscur : Expedition 33;Clair Obscur : Expedition 33;;PC;En cours;11;2025-12-20;0000-00-00;POSSEDE;24/04/2025;24/04/2025;;Kepler Interactive;Sandfall Interactive;;18.7714;105.0;Aventure-RPG;
Clash Royale;Clash Royale;;iOS;Joué;58;;;POSSEDE;02/03/2016;02/03/2016;02/03/2016;Supercell;Supercell;;14.3636;11.0;Tower défense;
Crash Team Racing;Crash Team Racing;;Playstation;Fini;0;;;NE POSSEDE PAS;20/10/1999;30/09/1999;16/12/1999;Sony Computer Entertainment;Naughty Dog;16.0;17.2197;132.0;Course;
Crisis Core: Final Fantasy VII;Crisis Core: Final Fantasy VII;;PSP;Joué;14;;;POSSEDE;19/06/2008;25/03/2008;13/09/2007;Square Enix;Square Enix;16.0;16.7361;72.0;Action-RPG;
Cyberpunk 2077;Cyberpunk 2077;;PC;Fini;40;;;POSSEDE;10/12/2020;10/12/2020;;CD Projekt;CD Projekt RED;18.0;17.4684;79.0;Action-RPG;FPS
Destiny 2;Destiny 2;;Stadia;En pause;0;;;POSSEDE;12/11/2027;;;Activision;Bungie Studios;;16.0;5.0;FPS;
Deus Ex: Human Revolution;Deus Ex: Human Revolution;;PC;En cours;1;;;POSSEDE;26/08/2011;23/08/2011;20/10/2011;Square Enix;Eidos Montréal;;16.3929;56.0;FPS;RPG
Digimon World;Digimon World;;Playstation;Fini;0;;;POSSEDE;06/07/2001;23/05/2000;28/01/1999;Bandai;Bandai;17.0;14.7143;14.0;Aventure;
Digimon World 3: Aratanaru Bôken no Tobira (Digimon World 2003);Digimon World 3: Aratanaru Bôken no Tobira;Digimon World 2003;Playstation;Joué;0;;;NE POSSEDE PAS;29/11/2002;05/06/2002;04/07/2002;Atari;Bandai;16.0;16.4;5.0;RPG;
Disaster : Day of Crisis;Disaster : Day of Crisis;;Wii;Joué;0;;;POSSEDE;24/10/2008;;;Nintendo;Monolith Soft;;14.8;5.0;Action;
Dissidia : Final Fantasy;Dissidia : Final Fantasy;;PSP;Fini;49;;;POSSEDE;04/09/2009;;;Square Enix;Square Enix;16.0;15.3871;31.0;Jeu de combat;
Divinity: Original Sin Enhanced Edition;Divinity: Original Sin Enhanced Edition;;PC;En pause;0;;;POSSEDE;27/10/2015;27/10/2015;;Focus;Larian Studios;;17.2667;30.0;RPG;
Donkey Kong Country;Donkey Kong Country;;Super Nintendo;Fini;0;;;POSSEDE;;;;Nintendo;Rareware;17.0;16.6721;61.0;Aventure / Plates-Formes;
Dragon Age: Origins;Dragon Age: Origins;;PC;En pause;0;;;POSSEDE;12/11/2009;03/11/2009;27/01/2011;Electronic Arts;BioWare;;16.8;90.0;RPG;
Dragon Quest Builders;Dragon Quest Builders;;Nintendo Switch;En cours;10;;;POSSEDE;09/02/2018;09/02/2018;01/03/2018;Square Enix;Square Enix;;16.2727;11.0;Action-RPG;Plates-Formes
Dragon Quest Heroes - Le Crépuscule de l'Arbre Monde;Dragon Quest Heroes - Le Crépuscule de l'Arbre Monde;;PC;En cours;6;;;POSSEDE;16/10/2015;;;Square Enix;OMEGA Force;;14.5;2.0;Action/Aventure;Beat'em All
Dragon Quest IV : L'Épopée des élus;Dragon Quest IV : L'Épopée des élus;;Nintendo DS;Joué;0;;;POSSEDE;11/09/2008;16/09/2008;22/11/2007;Square Enix;Arte Piazza;;15.4118;17.0;RPG;
????????IX ?????? - Dragon Quest IX: Hoshizora no Mamoribito (Dragon Quest IX : Les Sentinelles du Firmament);????????IX ?????? - Dragon Quest IX: Hoshizora no Mamoribito;Dragon Quest IX : Les Sentinelles du Firmament;Nintendo DS;Joué;30;;;POSSEDE;23/07/2010;11/07/2010;11/07/2009;Square Enix;Level-5;;16.9592;49.0;RPG;
Dragon Quest V: Hand of the Heavenly Bride (Dragon Quest V : La Fiancée Céleste);Dragon Quest V: Hand of the Heavenly Bride;Dragon Quest V : La Fiancée Céleste;Nintendo DS;Joué;0;;;POSSEDE;19/02/2009;17/02/2009;17/07/2008;Square Enix;Arte Piazza;;17.5714;14.0;RPG;
Dragon Quest VII - La Quête des Vestiges du Monde;Dragon Quest VII - La Quête des Vestiges du Monde;;Nintendo 3DS;Joué;8;;;POSSEDE;16/09/2016;16/09/2016;07/02/2013;Square Enix;Square Enix;;15.4;10.0;RPG;
Doragon Kuesuto Eito Sora to Umi to Daichi to Norowareshi Himegimi (Dragon Quest VIII : L'Odyssée du Roi Maudit);Doragon Kuesuto Eito Sora to Umi to Daichi to Norowareshi Himegimi;Dragon Quest VIII : L'Odyssée du Roi Maudit;Playstation 2;Joué;18;;;POSSEDE;13/04/2006;15/11/2005;;Square Enix;Level-5;;17.589;73.0;RPG;
Dragon Quest XI S: Echoes of an Elusive Age - Definitive Edition (Dragon Quest XI S : Les Combattants de la destinée - Edition Ultime);Dragon Quest XI S: Echoes of an Elusive Age - Definitive Edition;Dragon Quest XI S : Les Combattants de la destinée - Edition Ultime;Nintendo Switch;Fini;65;;2023-00-00;POSSEDE;27/09/2019;27/09/2019;27/09/2019;Square Enix;Square Enix;17.0;17.8235;17.0;RPG;
Driver: You Are the Wheelman (Driver);Driver: You Are the Wheelman;Driver;Playstation;Fini;0;;;POSSEDE;02/07/1999;30/06/1999;09/03/2000;GT Interactive;Reflections;14.0;14.9153;59.0;Course;
Empire: Total War;Empire: Total War;;PC;En pause;0;;;POSSEDE;04/03/2009;04/03/2009;;Sega;The Creative Assembly;;15.5217;23.0;RTS;Gestion
TrustyBell ~ Chopin no Yume ~ (Eternal Sonata);TrustyBell ~ Chopin no Yume ~;Eternal Sonata;Xbox 360;Fini;0;;;POSSEDE;19/10/2007;17/09/2007;14/06/2007;Namco;Tri Crescendo;15.0;15.75;16.0;RPG;
Fable II (Fable 2);Fable II;Fable 2;Xbox 360;Fini;0;;;POSSEDE;24/10/2008;21/10/2008;;Microsoft Games;Lionhead;8.0;16.2451;102.0;Action-RPG;Gestion
Fall Guys: Ultimate Knockout;Fall Guys: Ultimate Knockout;;Nintendo Switch;En cours;0;;;POSSEDE;21/06/2022;21/06/2022;21/06/2022;Epic Games Publishing;Mediatonic;;14.5833;12.0;Party-Game;MMO
Fallout Shelter;Fallout Shelter;;iOS;En cours;4;;;POSSEDE;15/06/2015;15/06/2015;;Bethesda Softworks;Bethesda Game Studios;;15.6667;3.0;Gestion;
Fallout Shelter;Fallout Shelter;;PC;Joué;7;;;POSSEDE;15/07/2016;15/07/2016;;Bethesda Softworks;Bethesda Game Studios;;14.2593;27.0;Gestion;
Fallout Shelter;Fallout Shelter;;Nintendo Switch;En cours;5;;;POSSEDE;11/06/2018;11/06/2018;;Bethesda Softworks;Bethesda Game Studios;;12.5;10.0;Gestion;
FIFA 09;FIFA 09;;Xbox 360;Fini;0;;;POSSEDE;;;;Electronic Arts;EA Sports;15.0;13.75;4.0;Sport ;
FIFA 10;FIFA 10;;Xbox 360;Fini;0;;;POSSEDE;;;;EA Sports;EA Sports;16.0;12.5;6.0;Sport ;
FIFA 11;FIFA 11;;Xbox 360;Fini;0;;;POSSEDE;30/09/2010;;;Electronic Arts;EA Sports;17.0;13.0;4.0;Sport ;
FIFA 16;FIFA 16;;Playstation 4;Fini;12;;;POSSEDE;24/09/2015;22/09/2015;08/10/2015;Electronic Arts;EA Sports;;15.0;29.0;Sport ;
FIFA 99;FIFA 99;;Playstation;Fini;0;;;POSSEDE;08/12/1998;;;EA Sports;Software Creations;15.0;15.6154;13.0;Sport ;
Final Fantasy Crystal Chronicles;Final Fantasy Crystal Chronicles;;GameCube;Fini;87;;;POSSEDE;11/03/2004;09/02/2004;08/08/2003;Square Enix;Square Enix;15.0;14.3333;30.0;Action-RPG;
Fainaru Fantaj? Sur? (Final Fantasy III);Fainaru Fantaj? Sur?;Final Fantasy III;Nintendo DS;Fini;43;;;POSSEDE;03/05/2007;14/11/2006;24/08/2006;Ubisoft;Square Enix;15.0;15.2941;34.0;RPG;
Fainaru Fantaj? F? (Final Fantasy IV);Fainaru Fantaj? F?;Final Fantasy IV;Nintendo DS;Joué;10;;;POSSEDE;05/09/2008;22/07/2008;20/12/2007;Square Enix;Square Enix;;17.32;25.0;RPG;
Final Fantasy IX;Final Fantasy IX;;Playstation;Fini;0;;;POSSEDE;16/02/2001;14/11/2000;07/07/2000;Squaresoft;SquareSoft;19.0;17.8834;163.0;RPG;
Final Fantasy IX;Final Fantasy IX;;PC;En cours;37;;;POSSEDE;14/04/2016;14/04/2016;;Square Enix;Square Enix;;19.1667;6.0;RPG;
Final Fantasy Tactics;Final Fantasy Tactics;;Playstation;Joué;0;;;POSSEDE;;28/01/1998;20/06/1997;Squaresoft;SquareSoft;;18.4;10.0;Tactical-RPG;
Final Fantasy VII;Final Fantasy VII;;Playstation;Fini;40;;;POSSEDE;17/11/1997;03/09/1997;31/01/1997;Sony Computer Entertainment;SquareSoft;18.0;17.996;251.0;RPG;
Final Fantasy VII;Final Fantasy VII;;PC;En cours;3;;;POSSEDE;;31/05/1998;;;SquareSoft;;18.16;25.0;;
Final Fantasy VIII;Final Fantasy VIII;;Playstation;Joué;0;;;POSSEDE;27/10/1999;09/09/1999;11/02/1999;Sony Interactive Entertainment;SquareSoft;;17.4581;155.0;Action-RPG;
Final Fantasy X;Final Fantasy X;;Playstation 2;Joué;33;;;POSSEDE;24/05/2002;20/12/2001;19/07/2001;Sony Computer Entertainment;SquareSoft;18.0;17.9114;237.0;RPG;
Final Fantasy X / X-2 HD Remaster;Final Fantasy X / X-2 HD Remaster;;PC;Fini;35;;2017-00-00;POSSEDE;12/05/2016;12/05/2016;26/12/2013;Square Enix;Square Enix;;17.0833;12.0;RPG;Compilation
Final Fantasy XII;Final Fantasy XII;;Playstation 2;Joué;0;;;NE POSSEDE PAS;22/02/2007;06/10/2006;16/03/2006;Square Enix;Square Enix;;15.5607;107.0;RPG;
Final Fantasy XIII;Final Fantasy XIII;;Xbox 360;Fini;80;;;POSSEDE;09/03/2010;09/03/2010;17/12/2009;Square Enix;Square Enix;15.0;14.1622;37.0;RPG;
Final Fantasy XIII;Final Fantasy XIII;;PC;En pause;21;;;POSSEDE;09/10/2014;09/10/2014;09/10/2014;Square Enix;Square Enix;;14.3846;26.0;RPG;
Fainaru Fantaj? S?t?n Ts? (Final Fantasy XIII-2);Fainaru Fantaj? S?t?n Ts?;Final Fantasy XIII-2;Xbox 360;Fini;23;;;POSSEDE;03/02/2012;31/01/2012;15/12/2012;Square Enix;Square Enix;16.0;15.8333;12.0;RPG;
Final Fantasy XIV Shinsei Eorzea (Final Fantasy XIV : A Realm Reborn);Final Fantasy XIV Shinsei Eorzea;Final Fantasy XIV : A Realm Reborn;PC;Joué;19;;;POSSEDE;27/08/2013;27/08/2013;27/08/2013;Square Enix;Square Enix;;16.0;28.0;MMORPG;RPG
Final Fantasy XV;Final Fantasy XV;;Playstation 4;Fini;35;;;POSSEDE;29/11/2016;29/11/2016;29/11/2016;Square Enix;Square Enix;16.0;15.422;109.0;Action-RPG;
Final Fantasy XV: Pocket Edition;Final Fantasy XV: Pocket Edition;;Nintendo Switch;Joué;2;;;POSSEDE;13/09/2018;13/09/2018;13/09/2018;Square Enix;Square Enix;;17.0;2.0;RPG;
Fire Emblem : Awakening;Fire Emblem : Awakening;;Nintendo 3DS;Joué;15;;;POSSEDE;19/04/2013;04/02/2013;19/04/2012;Nintendo;Intelligent Systems;;17.5362;69.0;Tactical-RPG;
Football Manager 2012;Football Manager 2012;;PC;Fini;121;;;POSSEDE;21/10/2011;21/10/2011;21/10/2011;Sega;Sports Interactive;17.0;17.5455;11.0;Gestion;Sport 
Football Manager 2014;Football Manager 2014;;Macintosh;Fini;161;;;POSSEDE;31/10/2013;;;Sega;Sports Interactive;17.0;17.0;1.0;Simulation;Sport 
Football Manager 2016;Football Manager 2016;;PC;Joué;23;;;POSSEDE;13/11/2015;13/11/2015;;Sega;Sports Interactive;;16.125;8.0;Simulation;Sport 
Fortnite;Fortnite;;Nintendo Switch;Joué;0;;;POSSEDE;12/06/2018;12/06/2018;12/06/2018;Epic Games Publishing;Epic Games;;15.96;25.0;Action/Aventure;Tower défense
Game Dev Tycoon;Game Dev Tycoon;;PC;Fini;28;;2018-00-00;POSSEDE;29/08/2013;;;Greenheart Games;Greenheart Games;17.0;14.84;50.0;Stratégie;Simulation
Gears 5;Gears 5;;PC;En pause;4;;;POSSEDE;10/09/2018;10/09/2019;10/09/2019;Microsoft Studios;The Coalition;;14.8333;12.0;TPS;Action
Gears of War;Gears of War;;Xbox 360;Fini;0;;;POSSEDE;17/11/2006;07/11/2006;18/01/2007;Microsoft Games;Epic Games;16.0;16.4304;79.0;Action;
Gears of War 2;Gears of War 2;;Xbox 360;Fini;0;;;POSSEDE;07/11/2008;07/11/2008;07/11/2009;Microsoft Games;Epic Games;16.0;16.8243;74.0;Action;TPS
Gears of war 3;Gears of war 3;;Xbox 360;Fini;0;;;POSSEDE;20/09/2011;;;Microsoft Games;Epic Games;16.0;16.8551;69.0;Action;TPS
Genshin Impact;Genshin Impact;;PC;En cours;2;;;POSSEDE;28/09/2020;28/09/2020;28/09/2020;miHoYo;miHoYo;;17.1633;49.0;Action-RPG;
Gran Turismo;Gran Turismo;;Playstation;Fini;0;;;POSSEDE;30/04/1998;;;Sony Computer Entertainment;Polyphony Digital;16.0;15.9818;55.0;Course;
Grindstone;Grindstone;;iOS;Joué;1;;;POSSEDE;19/09/2019;;;Capybara Games;Capybara Games;;;;Réflexion;
Grand Theft Auto: Chinatown Wars (GTA : Chinatown Wars);Grand Theft Auto: Chinatown Wars;GTA : Chinatown Wars;Nintendo DS;Joué;0;;;POSSEDE;20/03/2009;17/03/2009;;Rockstar Games;Rockstar Leeds;13.0;14.9286;14.0;Action/Aventure;
Grand Theft Auto : Episodes from Liberty City (GTA : Episodes from Liberty City);Grand Theft Auto : Episodes from Liberty City;GTA : Episodes from Liberty City;Xbox 360;Joué;0;;;POSSEDE;29/10/2009;29/10/2009;;Take-Two Interactive;Rockstar Games;16.0;16.04;25.0;Action;
Grand Theft Auto: San Andreas (GTA : San Andreas);Grand Theft Auto: San Andreas;GTA : San Andreas;PC;Joué;0;;;POSSEDE;10/06/2005;07/06/2005;;Rockstar Games;Rockstar North;16.0;17.1111;99.0;Action/Aventure;TPS
Grand Theft Auto IV (GTA IV);Grand Theft Auto IV;GTA IV;Xbox 360;Fini;0;;;POSSEDE;29/04/2008;29/04/2008;30/10/2008;Take-Two Interactive;Rockstar North;17.0;16.7816;87.0;TPS;Action/Aventure
Grand Theft Auto IV (GTA IV);Grand Theft Auto IV;GTA IV;PC;En cours;12;;;POSSEDE;03/12/2008;02/12/2008;;Take-Two Interactive;Rockstar North;;16.2985;67.0;TPS;Action/Aventure
Grand Theft Auto V (GTA V);Grand Theft Auto V;GTA V;PC;Fini;41;;2019-00-00;POSSEDE;14/04/2015;14/04/2015;;Take-Two Interactive;Rockstar Games;18.0;17.3264;193.0;Action;
GWENT: The Witcher Card Game;GWENT: The Witcher Card Game;;PC;Joué;20;;;POSSEDE;23/10/2018;23/10/2018;23/10/2018;CD Projekt;CD Projekt RED;17.0;15.875;16.0;Jeu de cartes;Stratégie
Halo 3;Halo 3;;Xbox 360;Fini;0;;;POSSEDE;26/09/2007;25/09/2007;27/09/2007;Microsoft Games;Bungie Studios;16.0;16.6923;91.0;FPS;
Halo Wars;Halo Wars;;PC;En pause;0;;;POSSEDE;20/12/2016;20/12/2016;20/12/2016;Microsoft Games;Ensemble Studios;;15.4;5.0;RTS;
Halo: Reach;Halo: Reach;;Xbox 360;Fini;0;;;POSSEDE;14/09/2010;14/09/2010;15/09/2010;Microsoft Games;Bungie Studios;14.0;15.7639;72.0;FPS;
Harry Potter: Quidditch World Cup (Harry Potter : Coupe du Monde de Quidditch);Harry Potter: Quidditch World Cup;Harry Potter : Coupe du Monde de Quidditch;GameBoy Advance;Fini;0;;;POSSEDE;20/11/2003;;;Electronic Arts;Electronic Arts;13.0;12.6667;3.0;Sport ;
Harry Potter and the Philosopher's Stone (Harry Potter à l'Ecole des Sorciers);Harry Potter and the Philosopher's Stone;Harry Potter à l'Ecole des Sorciers;Playstation;Fini;0;;;POSSEDE;15/11/2001;;;Electronic Arts;Warthog;17.0;14.2258;31.0;Aventure;Plates-Formes
Harry Potter and the Chamber of Secrets (Harry Potter et la Chambre des Secrets);Harry Potter and the Chamber of Secrets;Harry Potter et la Chambre des Secrets;Playstation;Fini;0;;;POSSEDE;14/11/2002;;;Electronic Arts;Argonaut;16.0;15.1429;21.0;Action/Aventure;Plates-Formes
Harry Potter and the Prisoner of Azkaban (Harry Potter et le Prisonnier d'Azkaban);Harry Potter and the Prisoner of Azkaban;Harry Potter et le Prisonnier d'Azkaban;GameCube;Fini;0;;;POSSEDE;29/06/2004;02/06/2004;26/06/2004;Electronic Arts;Electronic Arts;16.0;15.5714;7.0;Action;Aventure
Hearthstone - Heroes of Warcraft;Hearthstone - Heroes of Warcraft;;PC;Joué;0;;;POSSEDE;;;;Blizzard Entertainment;Blizzard Entertainment;;15.7664;107.0;Stratégie;Jeu de cartes
Heavy Rain;Heavy Rain;;PC;Fini;8;2025-11-24;2025-11-29;POSSEDE;24/06/2019;24/06/2019;24/06/2019;Sony Computer Entertainment;Quantic Dream;18.0;15.625;40.0;Aventure Narrative;
Hercules (Hercule);Hercules;Hercule;Playstation;Fini;0;;;POSSEDE;;;;Disney Interactive;- plusieurs studios -;15.0;15.5;40.0;Action;
Hogwarts Legacy (Hogwarts Legacy : L'Héritage de Poudlard);Hogwarts Legacy;Hogwarts Legacy : L'Héritage de Poudlard;PC;En pause;18;2025-08-11;0000-00-00;POSSEDE;10/02/2023;10/02/2023;;Warner Bros Games;Avalanche Software;;16.2069;87.0;RPG;
Hogwarts Legacy (Hogwarts Legacy : L'Héritage de Poudlard);Hogwarts Legacy;Hogwarts Legacy : L'Héritage de Poudlard;Nintendo Switch 2;Fini;50;2025-06-07;2025-09-14;POSSEDE;05/06/2025;05/06/2025;05/06/2025;Warner Bros Games;Avalanche Software;18.0;17.0;2.0;RPG;
Zeruda Mus? Hairaru ?rusut?zu (Hyrule Warriors : Legends);Zeruda Mus? Hairaru ?rusut?zu;Hyrule Warriors : Legends;Nintendo 3DS;Joué;4;;;POSSEDE;25/03/2016;25/03/2016;21/01/2016;Nintendo;OMEGA Force;;14.0;7.0;Action/Aventure;
Inazuma Eleven;Inazuma Eleven;;Nintendo DS;Fini;0;;;POSSEDE;28/01/2011;;22/08/2008;LJN;Level-5;17.0;16.3333;9.0;RPG;Sport 
Inazuma Eleven 3 : Foudre Céleste;Inazuma Eleven 3 : Foudre Céleste;;Nintendo 3DS;Fini;15;;;POSSEDE;27/09/2013;;01/07/2010;Level-5;Level-5;17.0;16.0;3.0;RPG;Sport 
Inazuma Eleven Go : Lumière;Inazuma Eleven Go : Lumière;;Nintendo 3DS;Joué;2;;;POSSEDE;13/06/2014;;15/11/2011;Level-5;Level-5;;11.0;1.0;Sport ;RPG
Journey;Journey;;PC;En cours;0;2025-11-15;0000-00-00;POSSEDE;06/06/2019;;;Annapurna Interactive;Thatgamecompany;;15.64;25.0;Action/Aventure;
Kingdom Hearts 358/2 Days;Kingdom Hearts 358/2 Days;;Nintendo DS;Joué;0;;;POSSEDE;09/10/2009;29/09/2009;30/05/2009;Square Enix;Square Enix;;15.2632;38.0;Action-RPG;
Kingdom Hearts: Birth by Sleep;Kingdom Hearts: Birth by Sleep;;PSP;Joué;7;;;POSSEDE;10/09/2010;07/09/2010;09/01/2010;Square Enix;Square Enix;;17.5263;38.0;RPG;Action
L.A. Noire;L.A. Noire;;Xbox 360;Fini;0;;;POSSEDE;20/05/2011;17/05/2011;07/07/2011;Rockstar Games;Team Bondi;14.0;15.7586;29.0;Aventure;Action
Middle-earth: Shadow of Mordor (La Terre du Milieu : L'Ombre du Mordor);Middle-earth: Shadow of Mordor;La Terre du Milieu : L'Ombre du Mordor;PC;En cours;1;;;POSSEDE;30/09/2014;30/09/2014;25/10/2014;Warner Bros Games;Monolith Productions;;15.4464;56.0;Action/Aventure;Beat'em All
League Of Legends;League Of Legends;;PC;Fini;131;;;POSSEDE;27/10/2009;27/10/2009;;Riot Games;Riot Games;17.0;16.2454;273.0;MOBA;
Legends of Runeterra;Legends of Runeterra;;PC;Joué;1;;;POSSEDE;24/01/2020;;;Riot Games;Riot Games;;15.6667;3.0;Stratégie;Jeu de cartes
The Sims 2 (Les Sims 2);The Sims 2;Les Sims 2;PC;Fini;0;;;POSSEDE;16/09/2004;16/09/2004;;Electronic Arts;Maxis;16.0;16.4058;138.0;Simulation de vie;
The Sims 3 (Les Sims 3);The Sims 3;Les Sims 3;PC;Joué;0;;;POSSEDE;02/06/2009;02/06/2009;02/06/2009;Electronic Arts;The Sims Studio;;16.3602;211.0;Simulation de vie;
Life is Strange;Life is Strange;;PC;Fini;12;;2017-00-00;POSSEDE;30/01/2015;30/01/2015;03/03/2016;Square Enix;DONTNOD Entertainment;17.0;17.4345;313.0;Aventure Narrative;
Life is Strange: Before the Storm;Life is Strange: Before the Storm;;PC;Fini;13;;2025-11-23;POSSEDE;31/08/2017;31/08/2017;;Square Enix;Deck Nine Games;18.0;16.8333;96.0;Aventure Narrative;
Raitoningu Rit?nzu: Fainaru Fantaj? S?t?n (Lightning Returns : Final Fantasy XIII);Raitoningu Rit?nzu: Fainaru Fantaj? S?t?n;Lightning Returns : Final Fantasy XIII;Xbox 360;Joué;0;;;POSSEDE;14/02/2014;11/02/2014;21/11/2013;Square Enix;Square Enix;;14.7143;7.0;RPG;
Limbo;Limbo;;PC;En cours;1;;;POSSEDE;02/08/2011;02/08/2011;02/08/2011;Playdead;Playdead;;16.1368;95.0;Plates-Formes;Réflexion
Live a Live;Live a Live;;Nintendo Switch;Wishé;0;;;NE POSSEDE PAS;22/07/2022;22/07/2022;22/07/2022;Nintendo;Square Co.;;15.3333;9.0;RPG;
Lost Odyssey;Lost Odyssey;;Xbox 360;Fini;112;;;POSSEDE;29/02/2008;12/02/2008;06/12/2007;Microsoft Games;Mistwalker;16.0;15.6667;12.0;RPG;
Mafia 2;Mafia 2;;PC;Fini;10;;2017-00-00;POSSEDE;27/08/2010;27/08/2010;27/08/2010;2K Games;2K Czech;;16.0488;41.0;Action;
Mario Kart 7;Mario Kart 7;;Nintendo 3DS;Fini;10;;;POSSEDE;;;;Nintendo;Retro Studios;17.0;15.5213;94.0;Course;
Mario Kart 8;Mario Kart 8;;Nintendo Switch;Fini;90;;2018-00-00;POSSEDE;28/04/2017;28/04/2017;28/04/2017;Nintendo;Nintendo;17.0;16.8303;165.0;Course;
Mario Kart DS;Mario Kart DS;;Nintendo DS;Fini;0;;;POSSEDE;25/11/2005;14/11/2005;08/12/2005;Nintendo;Nintendo;16.0;16.3333;177.0;Course;
Mario Kart Wii;Mario Kart Wii;;Wii;Fini;0;;;POSSEDE;11/04/2008;27/04/2008;10/04/2008;Nintendo;Nintendo;16.0;16.4258;256.0;Course;
Mario Kart World;Mario Kart World;;Nintendo Switch 2;En cours;7;2025-06-07;0000-00-00;POSSEDE;05/06/2025;05/06/2025;05/06/2025;Nintendo;Nintendo;;15.1;10.0;Course;
Mario Kart: Double Dash !!;Mario Kart: Double Dash !!;;GameCube;Fini;0;;;POSSEDE;14/11/2003;17/11/2003;14/11/2003;Nintendo;Nintendo;17.0;17.3457;162.0;Course;
Marvel's Spider-Man;Marvel's Spider-Man;;PC;Wishé;0;;;NE POSSEDE PAS;12/08/2022;12/08/2022;12/08/2022;Sony Interactive Entertainment;Nixxes Software;;16.9545;22.0;Action/Aventure;
Mass Effect;Mass Effect;;PC;En cours;10;;;POSSEDE;05/06/2008;28/05/2008;;Electronic Arts;BioWare;;17.0556;144.0;Action-RPG;
Mass Effect;Mass Effect;;Xbox 360;Fini;0;;;POSSEDE;23/11/2007;20/11/2007;21/05/2009;Xbox Game Studios;BioWare;15.0;17.2982;57.0;Action-RPG;
Mass Effect 2;Mass Effect 2;;PC;En cours;0;;;POSSEDE;28/12/2010;26/12/2010;13/01/2011;Electronic Arts;BioWare;;17.6074;135.0;Action-RPG;
Mass Effect 2;Mass Effect 2;;Xbox 360;Fini;0;;;POSSEDE;28/12/2010;26/12/2010;13/01/2011;Electronic Arts;BioWare;17.0;17.55;40.0;Action-RPG;
Mass Effect 3;Mass Effect 3;;Xbox 360;Fini;0;;;POSSEDE;09/03/2012;06/03/2012;15/03/2012;Electronic Arts;BioWare;17.0;17.7381;42.0;Action-RPG;
Medieval II: Total War;Medieval II: Total War;;PC;En pause;0;;;POSSEDE;09/11/2006;14/11/2006;;Sega;The Creative Assembly;;15.619;21.0;RTS;Gestion
Metal Gear Solid V: The Phantom Pain;Metal Gear Solid V: The Phantom Pain;;Playstation 4;Joué;0;;;POSSEDE;01/09/2015;01/09/2015;02/09/2015;Konami;Kojima Productions;;16.7021;47.0;Infiltration;Action
Mickey's Wild Adventure;Mickey's Wild Adventure;;Playstation;Fini;0;;;NE POSSEDE PAS;;;;Sony Computer Entertainment;Traveller's Tales;;13.5556;18.0;Action;Plates-Formes
Mirror's Edge;Mirror's Edge;;PC;En pause;0;;;POSSEDE;16/01/2009;13/01/2009;;Electronic Arts;EA Digital Illusions CE;;15.3333;63.0;FPS;Plates-Formes
Mirror's Edge;Mirror's Edge;;Xbox 360;Joué;0;;;POSSEDE;14/11/2008;12/11/2008;;Electronic Arts;EA Digital Illusions CE;13.0;16.0833;36.0;FPS;Plates-Formes
Monster Hunter 4G (Monster Hunter 4 Ultimate);Monster Hunter 4G;Monster Hunter 4 Ultimate;Nintendo 3DS;Joué;14;;;POSSEDE;13/02/2015;13/02/2015;11/10/2014;Capcom;Capcom;;17.1765;17.0;Action-RPG;
Monster Hunter Freedom Unite;Monster Hunter Freedom Unite;;PSP;Joué;17;;;POSSEDE;26/06/2009;;27/03/2008;Capcom;Capcom;15.0;17.7778;18.0;Action;RPG
Monster Hunter Rise;Monster Hunter Rise;;Nintendo Switch;En cours;1;;;POSSEDE;26/03/2021;26/03/2021;;Capcom;Capcom;;16.25;4.0;Action-RPG;
Monument Valley;Monument Valley;;iOS;Fini;1;;;POSSEDE;03/04/2014;03/04/2014;03/04/2014;Ustwo;Ken Wong;17.0;18.0;7.0;Réflexion;
Monument Valley II;Monument Valley II;;iOS;Fini;2;;;POSSEDE;05/06/2017;05/06/2017;05/06/2017;Ustwo;...;17.0;16.7143;7.0;Puzzle-Game;Réflexion
Mortal Kombat;Mortal Kombat;;Super Nintendo;Fini;0;;;POSSEDE;;;;Acclaim Entertainment;Midway;14.0;14.3636;11.0;Jeu de combat;
Napoléon: Total War;Napoléon: Total War;;PC;En pause;0;;;POSSEDE;26/02/2010;23/02/2010;;Sega;The Creative Assembly;;15.6818;22.0;RTS;Gestion
Naruto: Rise of a Ninja;Naruto: Rise of a Ninja;;Xbox 360;Fini;0;;;NE POSSEDE PAS;02/11/2007;30/10/2007;;Ubisoft;Ubisoft;15.0;14.3571;14.0;Action;Jeu de combat
NBA 2K16;NBA 2K16;;PC;Joué;20;;;POSSEDE;29/09/2015;29/09/2015;;2K Sports;Visual Concepts;;16.3333;3.0;Sport ;
New Super Mario Bros.;New Super Mario Bros.;;Nintendo DS;Joué;0;;;POSSEDE;30/06/2006;15/05/2006;;Nintendo;Nintendo;15.0;16.0121;165.0;Plates-Formes;
Ni no Kuni II: Revenant Kingdom (Ni no Kuni 2 : L'avènement d'un nouveau Royaume);Ni no Kuni II: Revenant Kingdom;Ni no Kuni 2 : L'avènement d'un nouveau Royaume;PC;Fini;43;;2023-00-00;POSSEDE;23/03/2018;23/03/2018;23/03/2018;Level-5;LEVEL 5;17.0;15.1111;9.0;RPG;
Ninokuni Shikkoku no Madôshi (Ni no Kuni : La Vengeance de la Sorcière Céleste);Ninokuni Shikkoku no Madôshi;Ni no Kuni : La Vengeance de la Sorcière Céleste;Nintendo Switch;Fini;35;;2022-00-00;POSSEDE;20/09/2019;20/09/2019;;Level-5;Level-5;18.0;16.125;8.0;RPG;
Nier;Nier;;Xbox 360;Fini;0;;;POSSEDE;23/04/2012;27/04/2012;22/04/2012;Square Enix;Cavia;17.0;17.5714;7.0;Action-RPG;Hack'n'slash
NieR : Automata;NieR : Automata;;PC;En cours;21;;;POSSEDE;17/03/2017;17/03/2017;23/02/2017;Square Enix;PlatinumGames;;16.0;26.0;Action-RPG;
No Man's Sky;No Man's Sky;;PC;En cours;22;;;POSSEDE;12/08/2016;12/08/2016;12/08/2016;Hello Games;Hello games;;13.575;40.0;Action/Aventure;Survie
No Man's Sky;No Man's Sky;;Nintendo Switch 2;En cours;0;2025-09-14;0000-00-00;POSSEDE;05/06/2025;05/06/2025;05/06/2025;Hello Games;Hello games;;;;Action/Aventure;Survie
Octopath Traveler;Octopath Traveler;;Nintendo Switch;Wishé;0;;;SOUHAITE ACHETER;13/07/2018;13/07/2018;13/07/2018;Square Enix;Square Enix;;16.68;25.0;RPG;Aventure
Ori and the Blind Forest : Definitive Edition;Ori and the Blind Forest : Definitive Edition;;PC;En cours;0;;;POSSEDE;27/04/2016;27/04/2016;;Microsoft Studios;Moon Studios;;17.9634;82.0;Aventure / Plates-Formes;
Overwatch;Overwatch;;PC;Joué;4;;;POSSEDE;24/05/2016;24/05/2016;24/05/2016;Blizzard Entertainment;Blizzard Entertainment;;16.1382;123.0;FPS;MMO
Oxenfree;Oxenfree;;PC;En cours;0;;;POSSEDE;15/01/2016;15/01/2016;15/01/2016;Night School Studio;Night School Studio;;17.3529;17.0;Aventure Narrative;
Persona 4: Golden;Persona 4: Golden;;PC;En cours;27;2025-12-05;0000-00-00;POSSEDE;13/06/2020;13/06/2020;13/06/2020;Atlus;Atlus;;17.1429;7.0;RPG;
Persona 5 Royal;Persona 5 Royal;;Nintendo Switch;Fini;75;;2023-00-00;POSSEDE;21/10/2022;21/10/2022;21/10/2022;Atlus;Atlus;18.0;17.8333;6.0;RPG;
Persona 5 Scramble: The Phantom Strikers (Persona 5 Strikers);Persona 5 Scramble: The Phantom Strikers;Persona 5 Strikers;Nintendo Switch;En cours;0;;;POSSEDE;23/02/2021;23/02/2021;20/02/2020;Atlus;Atlus;;17.3333;3.0;Action-RPG;
Gyakuten Saiban (Phoenix Wright : Ace Attorney);Gyakuten Saiban;Phoenix Wright : Ace Attorney;Nintendo DS;Fini;0;;;POSSEDE;31/03/2006;11/10/2005;15/09/2005;Capcom;Capcom;16.0;17.2113;71.0;Aventure;Réflexion
Plague Inc: Evolved;Plague Inc: Evolved;;iOS;En cours;8;;;POSSEDE;;;;Ndemic Creations;Ndemic Creations;;14.6667;3.0;Stratégie;Simulation
Pokemon Koroshiamu (Pokémon Colosseum);Pokemon Koroshiamu;Pokémon Colosseum;GameCube;Fini;0;;;POSSEDE;14/05/2004;22/03/2004;21/11/2003;Nintendo;Nintendo;15.0;15.5405;37.0;RPG;Jeu de combat
Pokémon Fushigi no Dungeon Ao no Ky?jotai (Pokémon Donjon Mystère : Équipe de Secours Bleue);Pokémon Fushigi no Dungeon Ao no Ky?jotai;Pokémon Donjon Mystère : Équipe de Secours Bleue;Nintendo DS;Fini;76;;;POSSEDE;10/11/2006;18/09/2006;;Nintendo;Chunsoft;15.0;16.2778;36.0;RPG;Action
Pokemon Fushigi no Dungeon: Toki no Tankentai (Pokémon Donjon Mystère : Explorateurs du Temps);Pokemon Fushigi no Dungeon: Toki no Tankentai;Pokémon Donjon Mystère : Explorateurs du Temps;Nintendo DS;Fini;23;;;POSSEDE;;;;Nintendo;Chunsoft;17.0;16.7778;18.0;RPG;Action
Pokémon GO;Pokémon GO;;iOS;Joué;85;;;POSSEDE;24/07/2016;05/07/2016;22/07/2016;Niantic Labs;The Pkmn Company International;;14.8889;27.0;Aventure;
Pokémon Quest;Pokémon Quest;;Nintendo Switch;Joué;1;;;POSSEDE;30/05/2018;30/05/2018;30/05/2018;Nintendo;The Pkmn Company International;;12.9167;12.0;Action;RPG
Pocket Monsters Omega Ruby (Pokémon Rubis Omega);Pocket Monsters Omega Ruby;Pokémon Rubis Omega;Nintendo 3DS;Fini;53;;;POSSEDE;28/11/2014;21/11/2014;21/11/2014;Nintendo;Game Freak;16.0;16.7258;62.0;RPG;
Pokémon Shuffle;Pokémon Shuffle;;Nintendo 3DS;Joué;5;;;POSSEDE;18/02/2015;18/02/2015;;Nintendo;Nintendo;;13.7692;13.0;Puzzle-Game;
Pocket Monsters Sun (Pokémon Soleil);Pocket Monsters Sun;Pokémon Soleil;Nintendo 3DS;Joué;11;;;POSSEDE;23/11/2016;18/11/2016;18/11/2016;Nintendo;Game Freak;;14.9825;57.0;RPG;Aventure
Pocket Monsters Gin (Pokémon Version Argent);Pocket Monsters Gin;Pokémon Version Argent;GameBoy Color;Fini;0;;;POSSEDE;06/04/2001;14/10/2000;21/11/1999;Nintendo;Game Freak;18.0;17.2676;142.0;RPG;
Pocket Monsters White (Pokémon Version Blanche);Pocket Monsters White;Pokémon Version Blanche;Nintendo DS;Fini;39;;;POSSEDE;04/03/2011;06/03/2011;18/09/2010;Nintendo;Game Freak;16.0;15.5735;68.0;Aventure;RPG
Pocket Monsters Ao (Pokémon Version Bleue);Pocket Monsters Ao;Pokémon Version Bleue;GameBoy;Fini;0;;;POSSEDE;08/10/1999;30/09/1998;15/10/1996;Nintendo;Nintendo;17.0;17.2;155.0;RPG;
Pocket Monsters Crystal Version (Pokémon Version Cristal);Pocket Monsters Crystal Version;Pokémon Version Cristal;GameBoy Color;Fini;94;;;POSSEDE;02/11/2001;19/07/2001;14/12/2000;Nintendo;Game Freak;17.0;16.9344;61.0;RPG;
Pocket Monsters Diamond (Pokémon Version Diamant);Pocket Monsters Diamond;Pokémon Version Diamant;Nintendo DS;Fini;193;;2007-00-00;POSSEDE;27/07/2007;22/04/2007;28/09/2006;Nintendo;Game Freak;16.0;15.8774;106.0;Aventure;RPG
Pocket Monsters Emerald (Pokémon Version Émeraude);Pocket Monsters Emerald;Pokémon Version Émeraude;GameBoy Advance;Fini;110;;;POSSEDE;21/10/2005;30/04/2005;16/09/2004;Nintendo;Game Freak;15.0;16.8276;87.0;RPG;
Pocket Monsters Pikachu (Pokémon Version Jaune);Pocket Monsters Pikachu;Pokémon Version Jaune;GameBoy;Fini;0;;;POSSEDE;16/06/2000;19/10/1999;12/10/1998;Nintendo;Game Freak;18.0;17.445;200.0;RPG;
Pocket Monsters Pikachu (Pokémon Version Jaune);Pocket Monsters Pikachu;Pokémon Version Jaune;Console Virtuelle;Joué;7;;;POSSEDE;27/02/2016;27/02/2016;27/02/2016;Nintendo;Game Freak;;17.0;18.0;RPG;
Pocket Monsters Heartgold (Pokémon Version Or : HeartGold);Pocket Monsters Heartgold;Pokémon Version Or : HeartGold;Nintendo DS;Fini;31;;;POSSEDE;26/03/2010;14/03/2010;12/09/2012;Nintendo;Game Freak;15.0;16.9136;81.0;Aventure;RPG
Pocket Monsters Kin (Pokémon Version Or);Pocket Monsters Kin;Pokémon Version Or;GameBoy Color;Fini;0;;;POSSEDE;06/04/2001;14/10/2000;21/11/1999;Nintendo;Game Freak;18.0;16.7604;96.0;RPG;
Pocket Monsters Pearl (Pokémon Version Perle);Pocket Monsters Pearl;Pokémon Version Perle;Nintendo DS;Fini;0;;;POSSEDE;27/07/2007;22/04/2007;28/09/2006;Nintendo;Game Freak;15.0;15.9853;68.0;Aventure;RPG
Pocket Monsters Platinum (Pokémon Version Platine);Pocket Monsters Platinum;Pokémon Version Platine;Nintendo DS;Fini;70;;;POSSEDE;22/05/2009;22/03/2009;13/09/2008;Nintendo;Game Freak;15.0;16.3235;102.0;Aventure;RPG
Pocket Monsters Ruby (Pokémon Version Rubis);Pocket Monsters Ruby;Pokémon Version Rubis;GameBoy Advance;Fini;429;;2003-00-00;POSSEDE;25/07/2003;19/03/2003;21/11/2002;Nintendo;Game Freak;18.0;16.9524;84.0;RPG;
Pocket Monsters Sapphire (Pokémon Version Saphir);Pocket Monsters Sapphire;Pokémon Version Saphir;GameBoy Advance;Fini;0;;;POSSEDE;25/07/2003;20/03/2003;21/11/2002;Nintendo;Game Freak;17.0;17.0132;76.0;RPG;
Pocket Monsters Leaf Green (Pokémon Version Vert Feuille);Pocket Monsters Leaf Green;Pokémon Version Vert Feuille;GameBoy Advance;Fini;0;;;POSSEDE;01/10/2004;07/09/2004;29/01/2004;Nintendo;Game Freak;18.0;17.2075;53.0;Aventure;RPG
Pocket Monsters X (Pokémon X);Pocket Monsters X;Pokémon X;Nintendo 3DS;Fini;124;;2013-00-00;POSSEDE;12/10/2013;12/10/2013;12/10/2013;Nintendo;Game Freak;18.0;16.5586;111.0;Action-RPG;Aventure
Layton-ky?uju to Fushigi na Machi (Professeur Layton et l'Étrange Village);Layton-ky?uju to Fushigi na Machi;Professeur Layton et l'Étrange Village;Nintendo DS;Fini;0;;;POSSEDE;07/11/2008;10/02/2008;15/02/2007;Nintendo;Level-5;16.0;16.6;180.0;Action;Réflexion
Red Dead Redemption;Red Dead Redemption;;Xbox 360;Fini;0;;;POSSEDE;21/05/2010;18/05/2010;;Take-Two Interactive;Rockstar Games;18.0;17.4037;109.0;Action/Aventure;
Red Dead Redemption II;Red Dead Redemption II;;PC;En cours;13;;;POSSEDE;05/11/2019;05/11/2019;05/11/2019;Rockstar Games;Rockstar Games;;17.4182;55.0;TPS;
Reigns;Reigns;;PC;En pause;1;;;POSSEDE;11/08/2016;11/08/2016;;Nerial;Devolver Digital;;14.9286;14.0;Autre;Stratégie
Shiritsu Justice Gakuen: LEGION OF HEROES (Rival Schools : United by Fate);Shiritsu Justice Gakuen: LEGION OF HEROES;Rival Schools : United by Fate;Playstation;Fini;0;;;POSSEDE;;30/09/1998;30/07/1997;Capcom;Capcom;16.0;16.6667;9.0;Jeu de combat;
Rocket League;Rocket League;;PC;Fini;51;;;POSSEDE;07/07/2015;07/07/2015;;Psyonix;Psyonix;17.0;16.0667;105.0;Action;Sport 
Rocket League;Rocket League;;Nintendo Switch;En cours;1;;;POSSEDE;14/11/2017;14/11/2017;;Psyonix;Psyonix;;16.24;25.0;Action;Sport 
Rome: Total War;Rome: Total War;;PC;Fini;57;;;POSSEDE;08/10/2004;22/09/2004;26/11/2004;Activision;The Creative Assembly;17.0;17.0;20.0;RTS;Gestion
Ruined King: A League of Legends Story;Ruined King: A League of Legends Story;;PC;En cours;6;;;POSSEDE;16/11/2021;16/11/2021;16/11/2021;Riot Forge;Airship Syndicate;;;;RPG;
Shadow of the Colossus;Shadow of the Colossus;;Playstation 4;En cours;0;;;POSSEDE;07/02/2018;06/02/2018;08/02/2018;Sony Computer Entertainment;Sony;;16.3415;41.0;Action/Aventure;
SimCity 4;SimCity 4;;PC;Joué;0;;;POSSEDE;16/01/2003;12/01/2003;;Electronic Arts;Maxis;;15.3158;38.0;City Builder;
SimCity BuildIt;SimCity BuildIt;;iOS;En cours;17;;;POSSEDE;24/10/2014;;;Electronic Arts;EA Games;;;;City Builder;
Sleeping Dogs;Sleeping Dogs;;PC;En pause;0;;;POSSEDE;17/08/2012;14/08/2012;;Square Enix;United Front Games;;15.5;2.0;Action;
Sleeping Dogs;Sleeping Dogs;;Xbox 360;Joué;7;;;POSSEDE;17/08/2012;14/08/2012;27/09/2012;Square Enix;United Front Games;;15.5385;26.0;Action;Course
Spider-Man 2;Spider-Man 2;;GameCube;Fini;0;;;NE POSSEDE PAS;02/07/2004;;;Activision;Treyarch;16.0;15.1667;6.0;Action;Plates-Formes
Spore;Spore;;PC;Fini;11;;2016-00-00;POSSEDE;05/09/2008;04/09/2008;;Electronic Arts;Maxis;16.0;15.7692;39.0;Gestion;Simulation
Star Citizen;Star Citizen;;PC;Wishé;0;;;NE POSSEDE PAS;;;;Robert Space Industries;Cloud Imperium Games;;14.0;5.0;Simulation;Action
Star Ocean: The Last Hope;Star Ocean: The Last Hope;;Xbox 360;Joué;0;;;NE POSSEDE PAS;04/06/2009;03/03/2009;19/02/2009;Square Enix;Tri-Ace;12.0;14.0;7.0;RPG;
Star Wars: The Force Unleashed (Star Wars : Le Pouvoir de la Force);Star Wars: The Force Unleashed;Star Wars : Le Pouvoir de la Force;Xbox 360;Fini;0;;;POSSEDE;19/09/2008;16/09/2008;;LucasArts Entertainment;LucasArts Entertainment;14.0;15.5217;23.0;Action;Beat'em All
Star Wars : Rogue Squadron III - Rebel Strike;Star Wars : Rogue Squadron III - Rebel Strike;;GameCube;Fini;0;;;POSSEDE;07/11/2003;24/10/2003;21/11/2003;LucasArts Entertainment;Factor 5;16.0;16.3529;17.0;Shoot'em Up;
Star Wars Jedi: Fallen Order;Star Wars Jedi: Fallen Order;;PC;En cours;0;;;POSSEDE;15/11/2019;15/11/2019;;Electronic Arts;Respawn Entertainment;;15.8966;58.0;Action/Aventure;
Star Wars Outlaws;Star Wars Outlaws;;Nintendo Switch 2;Wishé;0;0000-00-00;0000-00-00;SOUHAITE ACHETER;04/09/2025;04/09/2025;04/09/2025;Ubisoft;Massive Entertainment;;;;Action/Aventure;
Star Wars: Episode I - The Phantom Menace (Star Wars: Episode I - La Menace Fantôme);Star Wars: Episode I - The Phantom Menace;Star Wars: Episode I - La Menace Fantôme;Playstation;Fini;0;;;POSSEDE;04/06/1999;30/04/1999;;LucasArts Entertainment;Big Ape Productions;16.0;14.4737;19.0;Action/Aventure;
Star Wars: Knights of the Old Republic;Star Wars: Knights of the Old Republic;;PC;En pause;0;;;POSSEDE;05/12/2003;19/11/2003;;LucasArts Entertainment;BioWare;;17.1957;46.0;RPG;
Starcraft II: Wings of Liberty (StarCraft 2 : Les ailes de la liberté);Starcraft II: Wings of Liberty;StarCraft 2 : Les ailes de la liberté;PC;Joué;0;;;POSSEDE;27/07/2010;27/07/2010;;Blizzard Entertainment;Blizzard Entertainment;;17.1368;95.0;RTS;
Stardew Valley;Stardew Valley;;PC;En cours;43;;;POSSEDE;26/02/2016;26/02/2016;26/02/2016;Chucklefish;ConcernedApe;;17.1875;96.0;Simulation;RPG
Stardew Valley;Stardew Valley;;Nintendo Switch;En cours;20;;;POSSEDE;05/10/2017;05/10/2017;05/10/2017;Chucklefish;ConcernedApe;;17.2195;41.0;Simulation;RPG
Starfield;Starfield;;PC;Wishé;0;;;SOUHAITE ACHETER;06/09/2023;06/09/2023;;Bethesda Softworks;Bethesda Game Studios;;13.875;24.0;RPG;
Startup Company;Startup Company;;PC;En cours;7;;;POSSEDE;11/08/2017;;;Hovgaard Games;Hovgaard Games;;17.3333;3.0;Simulation;
Street Fighter II: The World Warrior;Street Fighter II: The World Warrior;;Super Nintendo;Fini;0;;;POSSEDE;;10/06/1992;;Capcom;Capcom;17.0;16.6786;28.0;Jeu de combat;
Suikoden Tierkreis;Suikoden Tierkreis;;Nintendo DS;Fini;0;;;POSSEDE;19/03/2009;;18/12/2008;Konami;Konami;17.0;16.7895;19.0;RPG;
Super Mario Bros.;Super Mario Bros.;;Nintendo Entertainment System;Fini;0;;;POSSEDE;13/09/1987;01/10/1985;13/09/1985;Nintendo;Nintendo;16.0;16.3407;91.0;Plates-Formes;
S?p? Mario Gyarakush? (Super Mario Galaxy);S?p? Mario Gyarakush?;Super Mario Galaxy;Wii;Joué;0;;;POSSEDE;16/11/2007;12/11/2007;01/11/2007;Nintendo;Nintendo EAD Tokyo;;16.9897;194.0;Plates-Formes;
Super Mario Kart;Super Mario Kart;;Super Nintendo;Fini;0;;;POSSEDE;21/01/1993;01/09/1992;27/08/1992;Nintendo;Nintendo;17.0;16.717;53.0;Course;
Super Mario Odyssey;Super Mario Odyssey;;Nintendo Switch;Fini;15;;;POSSEDE;27/10/2017;27/10/2017;27/10/2017;Nintendo;Nintendo;18.0;16.9889;180.0;Plates-Formes;
Super Mario Party;Super Mario Party;;Nintendo Switch;En cours;11;;;POSSEDE;05/10/2018;05/10/2018;05/10/2018;Nintendo;Nintendo;;14.9149;47.0;Party-Game;
Super Mario Run;Super Mario Run;;iOS;Fini;2;;;POSSEDE;15/12/2016;15/12/2016;15/12/2016;Nintendo;Nintendo;;9.83333;6.0;Runner;Course
Super Smash Bros. Brawl;Super Smash Bros. Brawl;;Wii;Fini;15;;;POSSEDE;27/06/2008;09/03/2008;31/01/2008;Nintendo;Sora;16.0;16.9067;150.0;Jeu de combat;Plates-Formes
Super Smash Bros. Melee;Super Smash Bros. Melee;Super Smash Bros. Melee;GameCube;Fini;0;;;NE POSSEDE PAS;24/05/2002;02/12/2001;02/11/2001;Nintendo;Nintendo;16.0;17.6159;151.0;Jeu de combat;
Super Street Fighter IV;Super Street Fighter IV;;Xbox 360;Joué;0;;;POSSEDE;30/04/2010;27/04/2010;28/04/2010;Capcom;Capcom;15.0;14.6;5.0;Jeu de combat;
Tales of Symphonia;Tales of Symphonia;;GameCube;Fini;114;;;NE POSSEDE PAS;19/11/2004;13/07/2004;29/08/2003;Namco;Namco Tales Studio;19.0;17.8642;81.0;RPG;
Tales of Symphonia;Tales of Symphonia;;PC;Fini;37;;;POSSEDE;02/02/2016;02/02/2016;02/02/2016;Namco;Namco Tales Studio;18.0;17.8571;7.0;RPG;Aventure
Tales Of Vesperia;Tales Of Vesperia;;Xbox 360;Fini;0;;;NE POSSEDE PAS;26/06/2009;16/09/2008;07/08/2008;Namco;Namco Tales Studio;17.0;16.4091;22.0;Action-RPG;
Teamfight Tactics;Teamfight Tactics;;PC;En cours;375;;;POSSEDE;26/06/2019;;;Riot Games;Riot Games;18.0;16.5;6.0;Stratégie;
Tekken 3;Tekken 3;;Playstation;Fini;0;;;POSSEDE;;;26/03/1998;Namco;Namco;15.0;15.757;107.0;Jeu de combat;
Temtem;Temtem;;PC;En cours;1;;;POSSEDE;06/09/2022;06/09/2022;;Humble Bundle;Crema;;15.875;8.0;MMORPG;
The Elder Scrolls IV: Oblivion;The Elder Scrolls IV: Oblivion;;Xbox 360;Joué;0;;;POSSEDE;24/03/2006;20/03/2006;26/07/2007;2K Games;Bethesda Game Studios;15.0;15.9615;26.0;Action-RPG;
The Elder Scrolls V: Skyrim - Special Edition;The Elder Scrolls V: Skyrim - Special Edition;;PC;En cours;74;;;POSSEDE;28/10/2016;28/10/2016;;Bethesda Softworks;Bethesda Softworks;;17.6136;44.0;RPG;
The Elder Scrolls VI;The Elder Scrolls VI;;PC;Wishé;0;;;NE POSSEDE PAS;;;;Bethesda Softworks;Bethesda Softworks;;;;RPG;Action/Aventure
The Elder Scrolls: Blades;The Elder Scrolls: Blades;;iOS;En cours;5;;;POSSEDE;07/04/2019;07/04/2019;;Bethesda Softworks;Bethesda Game Studios;;13.0;1.0;Action-RPG;
The Last of Us;The Last of Us;;Playstation 4;Fini;14;;2023-00-00;POSSEDE;30/07/2014;30/07/2014;21/08/2014;Sony Computer Entertainment;Naughty Dog;18.0;18.2573;342.0;Action/Aventure;
The Last of Us : Part II;The Last of Us : Part II;;Playstation 4;En cours;0;;;POSSEDE;19/06/2020;19/06/2020;;Sony Interactive Entertainment;Naughty Dog;;17.9013;233.0;Action/Aventure;
The Last of Us: Left Behind;The Last of Us: Left Behind;;Playstation 4;Fini;3;;2023-00-00;POSSEDE;12/05/2015;12/05/2015;;Sony Computer Entertainment;Naughty Dog;17.0;16.4783;69.0;Action/Aventure;
The Legend of Zelda : Breath of the Wild;The Legend of Zelda : Breath of the Wild;;Nintendo Switch;En cours;70;;;POSSEDE;03/03/2017;03/03/2017;03/03/2017;Nintendo;Nintendo;;18.0871;379.0;Action/Aventure;
The Legend of Zelda : Ocarina of Time;The Legend of Zelda : Ocarina of Time;;Nintendo 3DS;Joué;0;;;POSSEDE;17/06/2011;19/06/2011;16/06/2011;Nintendo;Nintendo;;17.6077;130.0;Action/Aventure;
The Legend of Zelda : The Wind Waker;The Legend of Zelda : The Wind Waker;;GameCube;Joué;0;;;NE POSSEDE PAS;03/05/2003;24/03/2003;13/12/2002;Nintendo;Nintendo EAD;16.0;18.2321;237.0;Action/Aventure;
Wied?min 2: Zabójcy królów (The Witcher 2 - Assassins of Kings);Wied?min 2: Zabójcy królów;The Witcher 2 - Assassins of Kings;PC;Fini;26;;2016-00-00;POSSEDE;17/05/2011;17/05/2011;28/07/2011;Atari;CD Projekt;17.0;16.6636;107.0;Aventure-RPG;
Wied?min 2: Zabójcy królów (The Witcher 2 - Assassins of Kings);Wied?min 2: Zabójcy królów;The Witcher 2 - Assassins of Kings;Xbox 360;Joué;0;;;POSSEDE;17/04/2012;01/04/2012;;Bandai Namco Entertainment;CD Projekt;;16.1667;24.0;Aventure-RPG;
Wied?min 3: Dziki Gon (The Witcher 3 - Wild Hunt);Wied?min 3: Dziki Gon;The Witcher 3 - Wild Hunt;Playstation 4;Fini;42;;2016-00-00;POSSEDE;19/05/2015;19/05/2015;21/05/2015;Bandai Namco Entertainment;CD Projekt RED;18.0;18.4455;220.0;Aventure-RPG;
Wied?min 3: Dziki Gon (The Witcher 3 - Wild Hunt);Wied?min 3: Dziki Gon;The Witcher 3 - Wild Hunt;PC;Fini;97;;2017-00-00;POSSEDE;19/05/2015;19/05/2015;;Bandai Namco Entertainment;CD Projekt RED;19.0;18.4281;292.0;Aventure-RPG;
Wied?min (The Witcher);Wied?min;The Witcher;PC;Fini;31;;2016-00-00;POSSEDE;26/10/2007;26/10/2007;;Atari;CD Projekt;17.0;16.1085;129.0;RPG;Aventure
Theatrhythm Final Bar Line;Theatrhythm Final Bar Line;;Nintendo Switch;En cours;20;;;POSSEDE;16/02/2023;16/02/2023;16/02/2023;Square Enix;Square Enix;;17.6667;3.0;Musical-Rythme;
Theatrhythm Final Fantasy: Curtain Call;Theatrhythm Final Fantasy: Curtain Call;;Nintendo 3DS;Fini;16;;;POSSEDE;16/09/2014;;24/04/2014;Square Enix;Indies Zero;17.0;17.1176;17.0;Musical-Rythme;
Thronebreaker: The Witcher Tales;Thronebreaker: The Witcher Tales;;PC;En cours;2;;;POSSEDE;23/10/2018;23/10/2018;;CD Projekt RED;CD Projekt RED;;15.3333;9.0;Stratégie;
Tintin au Tibet;Tintin au Tibet;;Super Nintendo;Fini;0;;;POSSEDE;;;;Infogrames;Infogrames;14.0;11.125;16.0;Plates-Formes;Aventure
Tiny Glade;Tiny Glade;;PC;En cours;2;;0000-00-00;POSSEDE;23/09/2024;;;Pounce Light;Pounce Light;;15.6667;3.0;Autre;
Tomb Raider;Tomb Raider;;Playstation;Joué;0;;;POSSEDE;25/11/1996;14/11/1996;14/02/1997;Eidos Interactive;Core Design;;16.2315;108.0;Action/Aventure;
Tomb Raider (2013);Tomb Raider (2013);;PC;Fini;9;;2017-00-00;POSSEDE;05/03/2013;05/03/2013;;Square Enix;Crystal Dynamics;17.0;16.7971;207.0;Action/Aventure;
Top Spin 4;Top Spin 4;;Xbox 360;Joué;0;;;POSSEDE;;;;2K Sports;2K Czech;15.0;16.125;8.0;Sport ;
Total War: ROME II;Total War: ROME II;;PC;En pause;0;;;POSSEDE;03/09/2013;03/09/2013;03/09/2013;Sega;The Creative Assembly;;16.2857;21.0;RTS;Gestion
Triangle Strategy;Triangle Strategy;;Nintendo Switch;Wishé;0;;;SOUHAITE ACHETER;04/03/2022;04/03/2022;04/03/2022;Square Enix;Square Enix;;16.1538;13.0;Tactical-RPG;Stratégie
Trine;Trine;;PC;En pause;0;;;POSSEDE;03/07/2009;08/09/2009;04/12/2009;Nobilis;Frozenbyte;;15.62;50.0;Aventure / Plates-Formes;RPG
Trine 2;Trine 2;;PC;En pause;0;;;POSSEDE;;;;Focus Home Interactive;Frozenbyte;;16.4828;29.0;Plates-Formes;Réflexion
Untitled Goose Game;Untitled Goose Game;;Nintendo Switch;Wishé;0;;;SOUHAITE ACHETER;20/09/2019;20/09/2019;;Panic;House House;;15.6667;3.0;Genre à la con;
Watch Dogs;Watch Dogs;;PC;Fini;21;;2019-00-00;POSSEDE;27/05/2014;;;Ubisoft;Ubisoft Montréal;16.0;13.759;83.0;Action;
Watch Dogs;Watch Dogs;;Playstation 4;Joué;0;;;POSSEDE;27/05/2014;27/05/2014;;Ubisoft;Ubisoft Montréal;;15.1429;56.0;Action;
Watch Dogs 2;Watch Dogs 2;;PC;En cours;21;;;POSSEDE;29/11/2016;29/11/2016;;Ubisoft;Ubisoft Kiev;;15.3704;27.0;Action;Infiltration
World of WarCraft;World of WarCraft;;PC;Joué;0;;;POSSEDE;11/02/2005;23/11/2004;01/06/2005;Blizzard Entertainment;Blizzard Entertainment;;16.799;194.0;MMORPG;
Xenoblade Chronicles;Xenoblade Chronicles;;Wii;Joué;32;;;POSSEDE;19/08/2011;02/04/2012;10/06/2010;Nintendo;Monolith Soft;;18.0;35.0;RPG;
Xenoblade Chronicles;Xenoblade Chronicles;;Nintendo Switch;Fini;57;;2022-00-00;POSSEDE;29/05/2020;29/05/2020;29/05/2020;Nintendo;Monolith Soft;19.0;17.8235;17.0;RPG;
Xenoblade Chronicles 2;Xenoblade Chronicles 2;;Nintendo Switch;Fini;86;;2022-00-00;POSSEDE;01/12/2017;;;Nintendo;Monolith Soft;18.0;17.1429;21.0;RPG;Tactical-RPG
Xenoblade Chronicles 3;Xenoblade Chronicles 3;;Nintendo Switch;En cours;50;;;POSSEDE;29/07/2022;;;Nintendo;Monolith Soft;;17.3;10.0;Aventure-RPG;
Zoo Tycoon;Zoo Tycoon;;PC;Fini;0;;;POSSEDE;14/11/2001;;;Microsoft Games;Blue Fang Games;15.0;16.1875;32.0;Gestion;
