Titre;Titre VF;Statut;Durée moyenne;Nombre d'épisodes vus;Nombre d'épisodes total;Nombre d'épisodes possédés;Nombre d'épisodes non intéressés;Pourcentage;Temps de visionnage;Minutes;Note / 20;Moyenne / 20;Nbre de votes;Statut diffusion;Année;Année de fin;Genre 1;Genre 2;Chaine 1;Chaine 2;Chaine 3;Origine 1;Origine 2;Origine 3;Lien IMDb;Lien TheTVDB
1 Litre no Namida;;En attente;45;11;12;0;0;92.0;8 heures 15 min;495;19.0;17,72;47.0;Diffusion finie;2005;2005.0;Romance;Mélodrame;Fuji TV;;;Japon;;;https://www.imdb.com/title/tt1370332/;https://www.thetvdb.com/?tab=series&id=83111
13 Reasons Why;;Abandonnée;50;1;49;0;0;2.0;52 min;52;;16,00;1547.0;Diffusion finie;2017;2020.0;Drama;Teen Drama;Netflix;;;États-Unis;;;https://www.imdb.com/title/tt1837492/;https://www.thetvdb.com/?tab=series&id=323168
24: Legacy;24 Heures : Legacy;Terminée;42;12;12;0;0;100.0;8 heures 24 min;504;14.0;12,51;35.0;Diffusion finie;2017;2017.0;Drama;Action / Aventure;FOX;;;États-Unis;;;https://www.imdb.com/title/tt5345490/;https://www.thetvdb.com/?tab=series&id=311787
24;24 Heures Chrono;Terminée;42;204;204;0;0;100.0;5 jours 22 heures 48 min;8568;18.0;15,84;386.0;Diffusion finie;2001;2014.0;Drama;Action / Aventure;FOX;;;États-Unis;;;https://www.imdb.com/title/tt0285331/;https://www.thetvdb.com/?tab=series&id=76290
66-5;;Terminée;52;8;8;0;0;100.0;6 heures 47 min;407;;16,62;26.0;Diffusion finie;2023;2023.0;Drama;Judiciaire;Canal+;;;France;;;https://www.imdb.com/title/tt21354694/;https://www.thetvdb.com/?tab=series&id=433066
A Knight of the Seven Kingdoms;;A venir;40;0;0;0;0;;0 min;0;;;;Diffusion prochaine;2026;;Drama;Fantastique;HBO;;;États-Unis;;;https://www.imdb.com/title/tt27497448/;https://www.thetvdb.com/?tab=series&id=433631
Ahsoka;;A jour;40;8;8;0;0;100.0;6 heures 03 min;363;;14,98;152.0;Diffusion actuelle;2023;;Drama;Science-Fiction;Disney+;;;États-Unis;;;https://www.imdb.com/title/tt13622776/;https://www.thetvdb.com/?tab=series&id=393187
Altered Carbon;;Terminée;55;18;18;0;0;100.0;16 heures 09 min;969;16.0;15,67;471.0;Diffusion finie;2018;2020.0;Drama;Science-Fiction;Netflix;;;États-Unis;;;https://www.imdb.com/title/tt2261227/;https://www.thetvdb.com/?tab=series&id=332331
Andor;;En cours;40;18;24;0;0;75.0;15 heures 07 min;907;;16,34;259.0;Diffusion finie;2022;2025.0;Drama;Science-Fiction;Disney+;;;États-Unis;;;https://www.imdb.com/title/tt9253284/;https://www.thetvdb.com/?tab=series&id=393189
Anne with an E;;En cours;44;1;27;0;0;4.0;1 heure 28 min;88;;17,41;498.0;Diffusion finie;2017;2019.0;Drama;;CBC;Netflix;;Canada;;;https://www.imdb.com/title/tt5421602/;https://www.thetvdb.com/?tab=series&id=322971
Arcane;;Terminée;40;18;18;0;0;100.0;12 heures 23 min;743;19.0;18,14;1122.0;Diffusion finie;2021;2024.0;Animation;Fantastique;Netflix;;;États-Unis;France;;https://www.imdb.com/title/tt11126994/;https://www.thetvdb.com/?tab=series&id=371028
Arrow;;Abandonnée;42;94;170;0;0;55.0;2 jours 17 heures 48 min;3948;;15,07;1329.0;Diffusion finie;2012;2020.0;Drama;Action / Aventure;The CW;;;États-Unis;;;https://www.imdb.com/title/tt2193021/;https://www.thetvdb.com/?tab=series&id=257655
Ansatsu Kyôshitsu;Assassination Classroom;Abandonnée;22;3;48;0;0;6.0;1 heure 06 min;66;;16,55;605.0;Diffusion finie;2015;2016.0;Action;Comédie;Fuji TV;;;Japon;;;https://www.imdb.com/title/tt3837246/;https://www.thetvdb.com/?tab=series&id=283947
Atlantis;;Terminée;45;26;26;0;0;100.0;19 heures 30 min;1170;16.0;12,50;54.0;Diffusion finie;2013;2015.0;Drama;Fantasy;BBC One;;;Royaume-Uni;;;https://www.imdb.com/title/tt2705602/;https://www.thetvdb.com/?tab=series&id=248596
Atypical;;Terminée;30;38;38;0;0;100.0;19 heures 44 min;1184;18.0;16,53;631.0;Diffusion finie;2017;2021.0;Comédie;Comédie dramatique;Netflix;;;États-Unis;;;https://www.imdb.com/title/tt6315640/;https://www.thetvdb.com/?tab=series&id=330374
Babylon Berlin;;A commencer;45;0;40;0;0;0.0;0 min;0;;14,92;25.0;Diffusion actuelle;2017;;Drama;Policier;Sky Deutschland;;;Allemagne;;;https://www.imdb.com/title/tt4378376/;https://www.thetvdb.com/?tab=series&id=323945
The Pacific;Band of Brothers : L'enfer du Pacifique;Terminée;52;10;10;0;0;100.0;8 heures 40 min;520;;16,20;246.0;Diffusion finie;2010;2010.0;Drama;;HBO;;;États-Unis;;;https://www.imdb.com/title/tt0374463/;https://www.thetvdb.com/?tab=series&id=85539
Bates Motel;;Abandonnée;42;1;50;0;0;2.0;48 min;48;;15,73;534.0;Diffusion finie;2013;2017.0;Drama;Thriller;A&E;;;États-Unis;;;https://www.imdb.com/title/tt2188671/;https://www.thetvdb.com/?tab=series&id=262414
Battlestar Galactica (2003);;Abandonnée;42;7;75;0;0;9.0;6 heures 33 min;393;;17,05;400.0;Diffusion finie;2003;2009.0;Drama;Science-Fiction;Syfy;;;États-Unis;;;https://www.imdb.com/title/tt0407362/;https://www.thetvdb.com/?tab=series&id=73545
Belle et Sébastien;;Terminée;26;13;13;0;0;100.0;5 heures 38 min;338;;15,13;24.0;Diffusion finie;1965;1965.0;Drama;;ORTF;;;France;;;https://www.imdb.com/title/tt0166900/;https://www.thetvdb.com/?tab=series&id=248065
Big Little Lies;;Abandonnée;52;1;14;0;0;7.0;49 min;49;;16,48;502.0;Diffusion actuelle;2017;;Drama;;HBO;;;États-Unis;;;https://www.imdb.com/title/tt3920596/;https://www.thetvdb.com/?tab=series&id=305719
Biohackers;;Terminée;42;12;12;0;0;100.0;8 heures 27 min;507;;14,76;70.0;Diffusion finie;2020;2021.0;Drama;Thriller;Netflix;;;Allemagne;;;https://www.imdb.com/title/tt9849210/;https://www.thetvdb.com/?tab=series&id=381016
Black Mirror;;En cours;60;28;34;0;0;82.0;1 jour 4 heures 03 min;1683;;16,81;1302.0;Diffusion actuelle;2011;;Drama;;E4;Netflix;;Royaume-Uni;;;https://www.imdb.com/title/tt2085059/;https://www.thetvdb.com/?tab=series&id=253463
Blue Lock;;A commencer;24;0;38;0;0;0.0;0 min;0;;15,75;81.0;Diffusion actuelle;2022;;Sport;Tranche de vie;BS11;;;Japon;;;https://www.imdb.com/title/tt15222080/;https://www.thetvdb.com/?tab=series&id=408629
Bodyguard;;Terminée;57;6;6;0;0;100.0;6 heures 00 min;360;;16,08;352.0;Diffusion finie;2018;2018.0;Drama;Thriller;BBC One;;;Royaume-Uni;;;https://www.imdb.com/title/tt7493974/;https://www.thetvdb.com/?tab=series&id=349310
Bones;;Abandonnée;42;43;246;0;0;17.0;1 jour 6 heures 06 min;1806;;15,66;545.0;Diffusion finie;2005;2017.0;Drama;Policier;FOX;;;États-Unis;;;https://www.imdb.com/title/tt0460627/;https://www.thetvdb.com/?tab=series&id=75682
Breaking Bad;;En attente;50;2;62;0;0;3.0;1 heure 46 min;106;;17,67;2401.0;Diffusion finie;2008;2013.0;Drama;Thriller;AMC;;;États-Unis;;;https://www.imdb.com/title/tt0903747/;https://www.thetvdb.com/?tab=series&id=81189
Broadchurch;;Terminée;46;24;24;0;0;100.0;18 heures 29 min;1109;;17,03;590.0;Diffusion finie;2013;2017.0;Drama;Policier;ITV;;;Royaume-Uni;;;https://www.imdb.com/title/tt2249364/;https://www.thetvdb.com/?tab=series&id=266398
Brotherhood Final Fantasy XV;;Terminée;12;5;5;0;0;100.0;1 heure 08 min;68;;15,38;26.0;Diffusion finie;2016;2016.0;"Action &amp; Aventure";"Fantastique &amp; Mythe";Web série;YouTube;;Japon;;;https://www.imdb.com/title/tt5595178/;https://www.thetvdb.com/?tab=series&id=313185
Californication;;Abandonnée;25;12;84;0;0;14.0;5 heures 24 min;324;;15,46;448.0;Diffusion finie;2007;2014.0;Comédie;;Showtime;;;États-Unis;;;https://www.imdb.com/title/tt0904208/;https://www.thetvdb.com/?tab=series&id=80349
Captain Tsubasa (2018);;En cours;24;31;91;0;0;34.0;12 heures 24 min;744;;16,38;40.0;Diffusion actuelle;2018;;"Action &amp; Aventure";Sport;TV Tokyo;;;Japon;;;https://www.imdb.com/title/tt7784442/;https://www.thetvdb.com/?tab=series&id=339203
Carnival Row;;En cours;52;13;18;0;0;72.0;12 heures 04 min;724;;15,87;326.0;Diffusion finie;2019;2023.0;Drama;Fantasy;Prime Video (Amazon);;;États-Unis;;;https://www.imdb.com/title/tt0489974/;https://www.thetvdb.com/?tab=series&id=365026
Chernobyl;;Terminée;60;5;5;0;0;100.0;5 heures 15 min;315;18.0;17,78;926.0;Diffusion finie;2019;2019.0;Drama;;HBO;;;États-Unis;Royaume-Uni;;https://www.imdb.com/title/tt7366338/;https://www.thetvdb.com/?tab=series&id=360893
Chez Maupassant;;Abandonnée;60;11;24;0;0;46.0;8 heures 30 min;510;;14,71;7.0;Diffusion finie;2007;2011.0;Drama;Historique;France 2;;;France;;;https://www.imdb.com/title/tt0921768/;https://www.thetvdb.com/?tab=series&id=81622
Chuck;;En attente;42;20;91;0;0;22.0;14 heures 00 min;840;;16,39;620.0;Diffusion finie;2007;2012.0;Comédie;;NBC;;;États-Unis;;;https://www.imdb.com/title/tt0934814/;https://www.thetvdb.com/?tab=series&id=80348
Clem;;En attente;52;45;73;0;0;62.0;2 jours 7 heures 14 min;3314;16.0;15,26;275.0;Diffusion finie;2010;2025.0;Comédie;Comédie dramatique;TF1;;;France;;;https://www.imdb.com/title/tt1600746/;https://www.thetvdb.com/?tab=series&id=243011
Cleopatra;;Terminée;85;2;2;0;0;100.0;2 heures 50 min;170;;15,50;2.0;Diffusion finie;1999;1999.0;Drama;Historique;Hallmark Channel;;;États-Unis;;;https://www.imdb.com/title/tt0178130/;https://www.thetvdb.com/?tab=series&id=263695
Cosmos: A Spacetime Odyssey;Cosmos : Une odyssée à travers l'univers;En cours;42;2;13;0;0;15.0;1 heure 26 min;86;;18,43;72.0;Diffusion finie;2014;2014.0;Documentaire;Science;FOX;;;États-Unis;;;https://www.imdb.com/title/tt2395695/;https://www.thetvdb.com/?tab=series&id=260586
Cyberpunk: Edgerunners;;A jour;30;10;10;0;0;100.0;4 heures 03 min;243;16.0;16,39;260.0;Diffusion actuelle;2022;;Action;Science-Fiction;Netflix;;;Japon;États-Unis;Pologne;https://www.imdb.com/title/tt12590266/;https://www.thetvdb.com/?tab=series&id=384541
D'argent et de sang;;Terminée;52;12;12;0;0;100.0;10 heures 22 min;622;18.0;16,60;68.0;Diffusion finie;2023;2024.0;Drama;Thriller;Canal+;;;France;;;https://www.imdb.com/title/tt28494836/;https://www.thetvdb.com/?tab=series&id=438799
Dallas (2012);;Terminée;42;40;40;0;0;100.0;1 jour 4 heures 13 min;1693;;13,93;55.0;Diffusion finie;2012;2014.0;Drama;Soap;TNT;;;États-Unis;;;https://www.imdb.com/title/tt1723760/;https://www.thetvdb.com/?tab=series&id=242521
Dandadan;;En cours;24;2;24;0;0;8.0;48 min;48;;16,49;158.0;Diffusion actuelle;2024;;Comédie;Horreur;AbemaTV;;;Japon;;;https://www.imdb.com/title/tt30217403/;https://www.thetvdb.com/?tab=series&id=432832
Inside Bill?s Brain : Decoding Bill Gates;Dans le cerveau de Bill Gates;Terminée;0;3;3;0;0;100.0;2 heures 37 min;157;;16,40;15.0;Diffusion finie;2019;2019.0;Documentaire;Investigation;Netflix;;;États-Unis;;;https://www.imdb.com/title/tt10837476/;https://www.thetvdb.com/?tab=series&id=368452
When They See Us;Dans leur regard;Terminée;60;4;4;0;0;100.0;4 heures 56 min;296;18.0;17,41;290.0;Diffusion finie;2019;2019.0;Drama;;Netflix;;;États-Unis;;;https://www.imdb.com/title/tt7137906/;https://www.thetvdb.com/?tab=series&id=360388
Dark;;Abandonnée;50;4;26;0;0;15.0;3 heures 10 min;190;;16,43;745.0;Diffusion finie;2017;2020.0;Drama;Science-Fiction;Netflix;;;Allemagne;;;https://www.imdb.com/title/tt5753856/;https://www.thetvdb.com/?tab=series&id=334824
DC's Legends of Tomorrow;;Abandonnée;42;6;110;0;0;5.0;4 heures 14 min;254;;14,22;324.0;Diffusion finie;2016;2022.0;Drama;Fantastique;The CW;;;États-Unis;;;https://www.imdb.com/title/tt4532368/;https://www.thetvdb.com/?tab=series&id=295760
Death Note (2006);;Terminée;23;37;37;0;0;100.0;14 heures 11 min;851;19.0;17,19;953.0;Diffusion finie;2006;2007.0;"Énigme &amp; Policier";"Fantastique &amp; Mythe";NTV;;;Japon;;;https://www.imdb.com/title/tt0877057/;https://www.thetvdb.com/?tab=series&id=79481
Kimetsu no Yaiba;Demon Slayer;Terminée;25;63;63;0;0;100.0;1 jour 4 heures 20 min;1700;;17,14;534.0;Diffusion finie;2019;2024.0;"Action &amp; Aventure";"Fantastique &amp; Mythe";Tokyo MX;;;Japon;;;https://www.imdb.com/title/tt9335498/;https://www.thetvdb.com/?tab=series&id=348545
Des vivants;;En cours;52;1;8;0;0;13.0;1 heure 09 min;69;;16,50;36.0;Diffusion finie;2025;2025.0;Drama;;France 2;;;France;;;https://www.imdb.com/title/tt35363719/;https://www.thetvdb.com/?tab=series&id=459389
Disenchantment;Désenchantée;En cours;25;6;50;0;0;12.0;2 heures 59 min;179;;14,75;341.0;Diffusion finie;2018;2023.0;Animation;Comédie;Netflix;;;États-Unis;;;https://www.imdb.com/title/tt5363918/;https://www.thetvdb.com/?tab=series&id=340234
Desperate Housewives;;Terminée;42;180;180;0;0;100.0;5 jours 6 heures 00 min;7560;17.0;16,23;1411.0;Diffusion finie;2004;2012.0;Comédie;Comédie dramatique;ABC;;;États-Unis;;;https://www.imdb.com/title/tt0410975/;https://www.thetvdb.com/?tab=series&id=73800
Devs;;Terminée;50;8;8;0;0;100.0;6 heures 29 min;389;17.0;15,47;49.0;Diffusion finie;2020;2020.0;Drama;Science-Fiction;FX;Hulu;;États-Unis;;;https://www.imdb.com/title/tt8134186/;https://www.thetvdb.com/?tab=series&id=364149
Dexter;;En attente;50;5;96;0;0;5.0;4 heures 30 min;270;;16,33;1419.0;Diffusion finie;2006;2013.0;Drama;Policier;Showtime;;;États-Unis;;;https://www.imdb.com/title/tt0773262/;https://www.thetvdb.com/?tab=series&id=79349
Digimon Adventure;Digimon;Abandonnée;23;53;104;0;0;51.0;20 heures 19 min;1219;16.0;15,00;53.0;Diffusion finie;1999;2001.0;Aventure;"Fantastique &amp; Mythe";Fuji TV;;;Japon;;;https://www.imdb.com/title/tt0210418/;https://www.thetvdb.com/?tab=series&id=72241
Dinotopia;;Terminée;90;3;3;0;0;100.0;4 heures 30 min;270;;13,69;26.0;Diffusion finie;2002;2002.0;Drama;Fantastique;ABC;;;États-Unis;;;https://www.imdb.com/title/tt0233044/;https://www.thetvdb.com/?tab=series&id=78929
Disclaimer*;;Terminée;60;7;7;0;0;100.0;5 heures 44 min;344;17.0;15,21;38.0;Diffusion finie;2024;2024.0;Drama;Thriller;Apple TV+;;;États-Unis;Mexique;Australie;https://www.imdb.com/title/tt16294384/;https://www.thetvdb.com/?tab=series&id=413062
Disparue;;Terminée;55;8;8;0;0;100.0;6 heures 56 min;416;18.0;16,08;73.0;Diffusion finie;2015;2015.0;Drama;Policier;France 2;;;France;;;https://www.imdb.com/title/tt3687802/;https://www.thetvdb.com/?tab=series&id=294715
DJ Mehdi : Made in France;;Terminée;40;6;6;0;0;100.0;4 heures 04 min;244;;17,66;38.0;Diffusion finie;2024;2024.0;Documentaire;Musical;Arte.TV;;;France;;;https://www.imdb.com/title/tt33396904/;https://www.thetvdb.com/?tab=series&id=447644
Dr. Quinn, Medicine Woman;Docteur Quinn, femme médecin;Terminée;42;149;149;0;0;100.0;4 jours 9 heures 06 min;6306;;14,55;194.0;Diffusion finie;1993;1998.0;Drama;;CBS;;;États-Unis;;;https://www.imdb.com/title/tt0103405/;https://www.thetvdb.com/?tab=series&id=78095
Doctor Who (2005);;Terminée;45;182;182;0;0;100.0;5 jours 23 heures 42 min;8622;;17,53;936.0;Diffusion finie;2005;2022.0;Drama;Science-Fiction;BBC;;;Royaume-Uni;;;https://www.imdb.com/title/tt0436992/;https://www.thetvdb.com/?tab=series&id=78804
Doctor Who (2023);;En cours;45;6;22;0;0;27.0;4 heures 40 min;280;;15,59;54.0;Diffusion actuelle;2023;;Drama;Science-Fiction;BBC;Disney+;;Royaume-Uni;;;https://www.imdb.com/title/tt31433814/;https://www.thetvdb.com/?tab=series&id=449991
Dolmen;;Terminée;90;6;6;0;0;100.0;9 heures 00 min;540;14.0;13,78;151.0;Diffusion finie;2005;2005.0;Drama;Policier;TF1;;;France;;;https://www.imdb.com/title/tt0420388/;https://www.thetvdb.com/?tab=series&id=82272
Downton Abbey;;Terminée;47;52;52;0;0;100.0;2 jours 0 heure 58 min;2938;18.0;17,34;925.0;Diffusion finie;2010;2015.0;Drama;Historique;iTV1;ITV;;Royaume-Uni;;;https://www.imdb.com/title/tt1606375/;https://www.thetvdb.com/?tab=series&id=193131
House M.D.;Dr House;Abandonnée;42;46;177;0;0;26.0;1 jour 8 heures 12 min;1932;;16,45;1129.0;Diffusion finie;2004;2012.0;Drama;Médicale;FOX;;;États-Unis;;;https://www.imdb.com/title/tt0412142/;https://www.thetvdb.com/?tab=series&id=73255
Dragon Ball Kai;Dragon Ball Z Kai;Abandonnée;25;18;167;0;0;11.0;7 heures 30 min;450;;16,19;91.0;Diffusion finie;2009;2015.0;"Combat &amp; Arts Mart.";Action;Fuji TV;;;Japon;;;https://www.imdb.com/title/tt0121220/;https://www.thetvdb.com/?tab=series&id=88031
Dune: Prophecy;;A commencer;60;0;6;0;0;0.0;0 min;0;;14,97;71.0;Diffusion actuelle;2024;;Drama;Science-Fiction;HBO;;;États-Unis;;;https://www.imdb.com/title/tt10466872/;https://www.thetvdb.com/?tab=series&id=367118
Mare of Easttown;Easttown;Terminée;60;7;7;0;0;100.0;7 heures 21 min;441;18.0;16,28;149.0;Diffusion finie;2021;2021.0;Drama;;HBO;;;États-Unis;;;https://www.imdb.com/title/tt10155688/;https://www.thetvdb.com/?tab=series&id=370112
Elementary;;Abandonnée;42;1;154;0;0;1.0;42 min;42;;15,30;387.0;Diffusion finie;2012;2019.0;Drama;Policier;CBS;;;États-Unis;;;https://www.imdb.com/title/tt2191671/;https://www.thetvdb.com/?tab=series&id=255316
Élite;;En attente;45;4;64;0;0;6.0;3 heures 24 min;204;;14,61;585.0;Diffusion finie;2018;2024.0;Drama;Thriller;Netflix;;;Espagne;;;https://www.imdb.com/title/tt7134908/;https://www.thetvdb.com/?tab=series&id=346328
Engrenages;;Terminée;52;86;86;0;0;100.0;3 jours 3 heures 31 min;4531;18.0;16,48;147.0;Diffusion finie;2005;2020.0;Drama;Policier;Canal+;;;France;;;https://www.imdb.com/title/tt0477507/;https://www.thetvdb.com/?tab=series&id=82152
Criminal Minds;Esprits criminels;En attente;42;2;354;0;0;1.0;1 heure 24 min;84;;16,60;704.0;Diffusion actuelle;2005;;Drama;Policier;CBS;Paramount+;;États-Unis;;;https://www.imdb.com/title/tt0452046/;https://www.thetvdb.com/?tab=series&id=75710
Éternelle;;Terminée;52;6;6;0;0;100.0;5 heures 12 min;312;15.0;13,35;23.0;Diffusion finie;2009;2009.0;Drama;Fantastique;M6;;;France;;;https://www.imdb.com/title/tt1230421/;https://www.thetvdb.com/?tab=series&id=107101
Euphoria (2019);;A jour;55;18;18;0;0;100.0;17 heures 18 min;1038;;16,28;298.0;Diffusion actuelle;2019;;Drama;;HBO;;;États-Unis;;;https://www.imdb.com/title/tt8772296/;https://www.thetvdb.com/?tab=series&id=360261
Fairy Tail;;En attente;25;10;328;0;0;3.0;4 heures 10 min;250;;16,63;508.0;Diffusion finie;2009;2019.0;"Action &amp; Aventure";"Fantastique &amp; Mythe";TV Tokyo;;;Japon;;;https://www.imdb.com/title/tt1528406/;https://www.thetvdb.com/?tab=series&id=114801
Fais pas ci, fais pas ça;;Terminée;52;70;70;0;0;100.0;2 jours 10 heures 51 min;3531;18.0;16,16;243.0;Diffusion finie;2007;2017.0;Comédie;;France 2;;;France;;;https://www.imdb.com/title/tt1101174/;https://www.thetvdb.com/?tab=series&id=80977
Fallout;;En cours;60;0;10;0;0;0.0;0 min;0;;16,17;293.0;Diffusion actuelle;2024;;Drama;Science-Fiction;Prime Video (Amazon);;;États-Unis;;;https://www.imdb.com/title/tt12637874/;https://www.thetvdb.com/?tab=series&id=416744
Famille d'accueil;;En attente;90;46;96;0;0;48.0;1 jour 22 heures 18 min;2778;;16,13;48.0;Diffusion finie;2001;2016.0;Drama;;France 3;;;France;;;https://www.imdb.com/title/tt0360259/;https://www.thetvdb.com/?tab=series&id=255899
Without a Trace;FBI : Portés Disparus;Terminée;42;160;160;0;0;100.0;4 jours 16 heures 00 min;6720;15.0;14,20;96.0;Diffusion finie;2002;2009.0;Drama;Policier;CBS;;;États-Unis;;;https://www.imdb.com/title/tt0321021/;https://www.thetvdb.com/?tab=series&id=77963
The Flash (2014);Flash (2014);Abandonnée;42;49;184;0;0;27.0;1 jour 10 heures 18 min;2058;;15,36;817.0;Diffusion finie;2014;2023.0;Drama;Fantastique;The CW;;;États-Unis;;;https://www.imdb.com/title/tt3107288/;https://www.thetvdb.com/?tab=series&id=279121
Fleabag;;Terminée;27;12;12;0;0;100.0;5 heures 24 min;324;17.0;16,79;305.0;Diffusion finie;2016;2019.0;Comédie;;BBC Three;BBC One;Prime Video (Amazon);Royaume-Uni;;;https://www.imdb.com/title/tt5687612/;https://www.thetvdb.com/?tab=series&id=314614
For All Mankind;;A jour;60;40;40;0;0;100.0;1 jour 16 heures 06 min;2406;;15,96;114.0;Diffusion actuelle;2019;;Drama;Science-Fiction;Apple TV+;;;États-Unis;;;https://www.imdb.com/title/tt7772588/;https://www.thetvdb.com/?tab=series&id=356202
Foundation;;En cours;45;22;30;0;0;73.0;19 heures 59 min;1199;;15,20;139.0;Diffusion actuelle;2021;;Drama;Science-Fiction;Apple TV+;;;États-Unis;;;https://www.imdb.com/title/tt0804484/;https://www.thetvdb.com/?tab=series&id=366972
Free!;;En cours;25;32;41;0;0;78.0;12 heures 20 min;740;;15,55;104.0;Diffusion finie;2013;2018.0;Sport;Comédie;Tokyo MX;;;Japon;;;https://www.imdb.com/title/tt2904418/;https://www.thetvdb.com/?tab=series&id=270065
Band of Brothers;Frères d'Armes;Terminée;60;10;10;0;0;100.0;9 heures 54 min;594;;17,33;594.0;Diffusion finie;2001;2001.0;Drama;Guerre;HBO;;;États-Unis;;;https://www.imdb.com/title/tt0185906/;https://www.thetvdb.com/?tab=series&id=74205
Friends;;En attente;22;26;236;0;0;11.0;9 heures 32 min;572;;17,52;1813.0;Diffusion finie;1994;2004.0;Comédie;Sitcom;NBC;;;États-Unis;;;https://www.imdb.com/title/tt0108778/;https://www.thetvdb.com/?tab=series&id=79168
Sôsô no Frieren;Frieren: Beyond Journey's End;En cours;24;0;28;0;0;0.0;0 min;0;;17,55;141.0;Diffusion actuelle;2023;;"Action &amp; Aventure";"Fantastique &amp; Mythe";NTV;;;Japon;;;https://www.imdb.com/title/tt22248376/;https://www.thetvdb.com/?tab=series&id=424536
Fringe;;En cours;42;45;100;0;0;45.0;1 jour 10 heures 40 min;2080;;16,42;653.0;Diffusion finie;2008;2013.0;Drama;Science-Fiction;FOX;;;États-Unis;;;https://www.imdb.com/title/tt1119644/;https://www.thetvdb.com/?tab=series&id=82066
Hagane no Renkinjutsushi (2009);Fullmetal Alchemist: Brotherhood;Terminée;25;64;64;0;0;100.0;1 jour 2 heures 40 min;1600;18.0;17,90;553.0;Diffusion finie;2009;2010.0;"Action &amp; Aventure";"Fantastique &amp; Mythe";TBS (JP);;;Japon;;;https://www.imdb.com/title/tt1355642/;https://www.thetvdb.com/?tab=series&id=85249
Kakegurui (2017);Gambling School;Abandonnée;24;2;24;0;0;8.0;48 min;48;;14,94;198.0;Diffusion finie;2017;2019.0;Drame;Horreur;Tokyo MX;;;Japon;;;https://www.imdb.com/title/tt7131720/;https://www.thetvdb.com/?tab=series&id=327572
Game of Thrones;Game of Thrones : Le Trône de Fer;Terminée;52;73;73;0;0;100.0;2 jours 18 heures 27 min;3987;18.0;17,83;4173.0;Diffusion finie;2011;2019.0;Drama;Fantasy;HBO;;;États-Unis;;;https://www.imdb.com/title/tt0944947/;https://www.thetvdb.com/?tab=series&id=121361
Gangs of London;;En cours;42;9;25;0;0;36.0;9 heures 06 min;546;;16,52;33.0;Diffusion actuelle;2020;;Drama;Thriller;Sky Atlantic;;;Royaume-Uni;;;https://www.imdb.com/title/tt7661390/;https://www.thetvdb.com/?tab=series&id=364387
Glee;;Abandonnée;42;9;121;0;0;7.0;6 heures 24 min;384;;14,93;836.0;Diffusion finie;2009;2015.0;Drama;Musical;FOX;;;États-Unis;;;https://www.imdb.com/title/tt1327801/;https://www.thetvdb.com/?tab=series&id=83610
Gomorra;;En cours;52;36;58;0;0;62.0;1 jour 7 heures 12 min;1872;;16,96;89.0;Diffusion finie;2014;2021.0;Drama;Thriller;Sky Italia;;;Italie;;;https://www.imdb.com/title/tt2049116/;https://www.thetvdb.com/?tab=series&id=281342
Gotham;;En cours;42;67;100;0;0;67.0;2 jours 0 heure 06 min;2886;;15,32;617.0;Diffusion finie;2014;2019.0;Drama;Action / Aventure;FOX;;;États-Unis;;;https://www.imdb.com/title/tt3749900/;https://www.thetvdb.com/?tab=series&id=274431
Great Teacher Onizuka (1998);;En attente;55;12;13;0;0;92.0;10 heures 06 min;606;19.0;16,16;19.0;Diffusion finie;1998;1998.0;Youth;;Fuji TV;;;Japon;;;https://www.imdb.com/title/tt0209631/;https://www.thetvdb.com/?tab=series&id=80100
Great Teacher Onizuka (2012);;En attente;50;21;29;0;0;72.0;20 heures 23 min;1223;;16,50;24.0;Diffusion finie;2012;2014.0;Youth;;Fuji TV;;;Japon;;;https://www.imdb.com/title/tt2365173/;https://www.thetvdb.com/?tab=series&id=260370
Grey's Anatomy;;En cours;42;420;454;0;0;93.0;12 jours 7 heures 49 min;17749;;16,23;1403.0;Diffusion actuelle;2005;;Drama;Médicale;ABC;;;États-Unis;;;https://www.imdb.com/title/tt0413573/;https://www.thetvdb.com/?tab=series&id=73762
Great Teacher Onizuka;GTO;Terminée;25;43;43;0;0;100.0;17 heures 55 min;1075;19.0;17,71;357.0;Diffusion finie;1999;2000.0;Comédie;Ecchi;Fuji TV;;;Japon;;;https://www.imdb.com/title/tt0315008/;https://www.thetvdb.com/?tab=series&id=79071
H;;Terminée;22;71;71;0;0;100.0;1 jour 2 heures 02 min;1562;18.0;15,40;308.0;Diffusion finie;1998;2002.0;Comédie;Sitcom;Canal+;;;France;;;https://www.imdb.com/title/tt0173554/;https://www.thetvdb.com/?tab=series&id=80409
Halt and Catch Fire;;En cours;42;7;40;0;0;18.0;5 heures 02 min;302;;16,59;91.0;Diffusion finie;2014;2017.0;Drama;;AMC;;;États-Unis;;;https://www.imdb.com/title/tt2543312/;https://www.thetvdb.com/?tab=series&id=271910
Happy Valley;;Abandonnée;60;2;18;0;0;11.0;2 heures 00 min;120;;16,64;64.0;Diffusion finie;2014;2023.0;Drama;;BBC One;;;Royaume-Uni;;;https://www.imdb.com/title/tt3428912/;https://www.thetvdb.com/?tab=series&id=280537
Hero Corp;;Abandonnée;26;2;93;0;0;2.0;52 min;52;;15,47;356.0;Diffusion finie;2008;2017.0;Comédie;;France 4;Comédie+;;France;;;https://www.imdb.com/title/tt1480072/;https://www.thetvdb.com/?tab=series&id=83750
Heroes;;Abandonnée;42;68;78;0;0;87.0;1 jour 23 heures 47 min;2867;15.0;14,80;779.0;Diffusion finie;2006;2010.0;Drama;Fantastique;NBC;;;États-Unis;;;https://www.imdb.com/title/tt0813715/;https://www.thetvdb.com/?tab=series&id=79501
High School DxD;;Abandonnée;25;1;53;0;0;2.0;25 min;25;;15,57;83.0;Diffusion finie;2012;2018.0;Action;Ecchi;AT-X;;;Japon;;;https://www.imdb.com/title/tt2230051/;https://www.thetvdb.com/?tab=series&id=254653
Gakuen Mokushiroku: High School of the Dead;High School of the Dead;En attente;25;12;13;0;0;92.0;5 heures 00 min;300;16.0;15,05;191.0;Diffusion finie;2010;2010.0;Horreur;Action;AT-X;;;Japon;;;https://www.imdb.com/title/tt1685401/;https://www.thetvdb.com/?tab=series&id=171591
High Score;High Score : L'âge d'or du gaming;En cours;45;3;6;0;0;50.0;2 heures 12 min;132;;15,56;41.0;Diffusion finie;2020;2020.0;Documentaire;Culture;Netflix;;;États-Unis;;;https://www.imdb.com/title/tt12759400/;https://www.thetvdb.com/?tab=series&id=385764
H/JACK;Hijack;A jour;45;7;7;0;0;100.0;5 heures 31 min;331;;15,54;69.0;Diffusion actuelle;2023;;Drama;Thriller;Apple TV+;;;Royaume-Uni;États-Unis;;https://www.imdb.com/title/tt19854762/;https://www.thetvdb.com/?tab=series&id=419254
His Dark Materials;His Dark Materials : À la croisée des mondes;Terminée;50;23;23;0;0;100.0;20 heures 17 min;1217;17.0;15,86;285.0;Diffusion finie;2019;2022.0;Drama;Fantasy;BBC One;HBO;;Royaume-Uni;États-Unis;;https://www.imdb.com/title/tt5607976/;https://www.thetvdb.com/?tab=series&id=360295
Homecoming;;En cours;30;3;17;0;0;18.0;1 heure 26 min;86;;14,88;42.0;Diffusion finie;2018;2020.0;Drama;Thriller;Prime Video (Amazon);;;États-Unis;;;https://www.imdb.com/title/tt7008682/;https://www.thetvdb.com/?tab=series&id=350553
Homeland;;En cours;50;84;96;0;0;88.0;3 jours 1 heure 25 min;4405;;16,03;746.0;Diffusion finie;2011;2020.0;Drama;Thriller;Showtime;;;États-Unis;;;https://www.imdb.com/title/tt1796960/;https://www.thetvdb.com/?tab=series&id=247897
House of Cards (US);;Terminée;50;73;73;0;0;100.0;2 jours 13 heures 26 min;3686;17.0;16,38;618.0;Diffusion finie;2013;2018.0;Drama;Politique;Netflix;;;États-Unis;;;https://www.imdb.com/title/tt1856010/;https://www.thetvdb.com/?tab=series&id=262980
House of the Dragon;;A jour;50;18;18;0;0;100.0;18 heures 29 min;1109;;16,49;489.0;Diffusion actuelle;2022;;Drama;Fantasy;HBO;;;États-Unis;;;https://www.imdb.com/title/tt11198330/;https://www.thetvdb.com/?tab=series&id=371572
How I Met Your Mother;;Abandonnée;22;27;208;0;0;13.0;9 heures 54 min;594;;16,53;1547.0;Diffusion finie;2005;2014.0;Comédie;Sitcom;CBS;;;États-Unis;;;https://www.imdb.com/title/tt0460649/;https://www.thetvdb.com/?tab=series&id=75760
Humans;;En attente;45;8;24;0;0;33.0;6 heures 09 min;369;;15,29;102.0;Diffusion finie;2015;2018.0;Drama;Science-Fiction;AMC;Channel 4;;États-Unis;Royaume-Uni;;https://www.imdb.com/title/tt4122068/;https://www.thetvdb.com/?tab=series&id=292124
Hunter x Hunter (2011);;Abandonnée;25;2;148;0;0;1.0;50 min;50;;17,29;556.0;Diffusion finie;2011;2014.0;"Action &amp; Aventure";"Combat &amp; Arts Mart.";NTV;;;Japon;;;https://www.imdb.com/title/tt2098220/;https://www.thetvdb.com/?tab=series&id=252322
Impulse;;Abandonnée;60;5;20;0;0;25.0;4 heures 05 min;245;;14,81;21.0;Diffusion finie;2018;2019.0;Drama;Science-Fiction;YouTube Red / YouTube Premium;;;États-Unis;;;https://www.imdb.com/title/tt6160506/;https://www.thetvdb.com/?tab=series&id=344995
Inazuma Eleven;Inazuma Eleven : Puissance foot;Abandonnée;25;52;127;0;0;41.0;21 heures 40 min;1300;15.0;16,30;74.0;Diffusion finie;2008;2011.0;Sport;;TV Tokyo;;;Japon;;;https://www.imdb.com/title/tt2189248/;https://www.thetvdb.com/?tab=series&id=146401
Inquisitio;;Terminée;52;8;8;0;0;100.0;6 heures 56 min;416;16.0;13,28;40.0;Diffusion finie;2012;2012.0;Drama;Historique;France 2;;;France;;;https://www.imdb.com/title/tt1871629/;https://www.thetvdb.com/?tab=series&id=260239
Insoupçonnable (2018);;Terminée;52;10;10;0;0;100.0;8 heures 40 min;520;;13,78;41.0;Diffusion finie;2018;2018.0;Drama;Thriller;TF1;;;France;;;https://www.imdb.com/title/tt6877720/;https://www.thetvdb.com/?tab=series&id=325290
It's a Sin;;Terminée;60;5;5;0;0;100.0;3 heures 53 min;233;18.0;16,85;73.0;Diffusion finie;2021;2021.0;Drama;;Channel 4;;;Royaume-Uni;;;https://www.imdb.com/title/tt9140342/;https://www.thetvdb.com/?tab=series&id=378994
Odio il Natale;Je déteste Noël;En cours;30;1;12;0;0;8.0;31 min;31;;14,35;20.0;Diffusion finie;2022;2023.0;Comédie;Comédie romantique;Netflix;;;Italie;;;https://www.imdb.com/title/tt23556972/;https://www.thetvdb.com/?tab=series&id=427195
Jericho (US);;Abandonnée;42;19;29;0;0;66.0;13 heures 18 min;798;14.0;14,38;164.0;Diffusion finie;2006;2008.0;Drama;Action / Aventure;CBS;;;États-Unis;;;https://www.imdb.com/title/tt0805663/;https://www.thetvdb.com/?tab=series&id=79330
Jeux d'influence;;En cours;60;0;12;0;0;0.0;0 min;0;;15,44;16.0;Diffusion actuelle;2019;;Drama;Thriller;Arte;;;France;;;https://www.imdb.com/title/tt7680918/;https://www.thetvdb.com/?tab=series&id=352775
Kaamelott;;Terminée;3;468;468;0;0;100.0;1 jour 9 heures 34 min;2014;19.0;17,84;1440.0;Diffusion finie;2005;2009.0;Comédie;Shortcom;M6;;;France;;;https://www.imdb.com/title/tt0441059/;https://www.thetvdb.com/?tab=series&id=79175
Kuroko no Basket;Kuroko's Basket;Terminée;25;75;75;0;0;100.0;1 jour 7 heures 15 min;1875;18.0;16,93;260.0;Diffusion finie;2012;2015.0;Comédie;Sport;MBS;;;Japon;;;https://www.imdb.com/title/tt2348803/;https://www.thetvdb.com/?tab=series&id=257765
Kyle XY;;Abandonnée;42;33;43;0;0;77.0;23 heures 06 min;1386;14.0;14,22;441.0;Diffusion finie;2006;2009.0;Drama;Fantastique;ABC Family;;;États-Unis;;;https://www.imdb.com/title/tt0756509/;https://www.thetvdb.com/?tab=series&id=76143
Defending Jacob;L'affaire Jacob Barber;Terminée;50;8;8;0;0;100.0;6 heures 44 min;404;17.0;15,55;78.0;Diffusion finie;2020;2020.0;Drama;Thriller;Apple TV+;;;États-Unis;;;https://www.imdb.com/title/tt2304589/;https://www.thetvdb.com/?tab=series&id=368122
L'Amica geniale;L'Amie prodigieuse;Terminée;60;34;34;0;0;100.0;1 jour 8 heures 00 min;1920;19.0;16,80;59.0;Diffusion finie;2018;2024.0;Drama;;Rai 1;HBO;;Italie;États-Unis;;https://www.imdb.com/title/tt7278862/;https://www.thetvdb.com/?tab=series&id=344626
Shingeki no Kyojin;L'Attaque des Titans;En cours;25;88;89;0;0;99.0;1 jour 13 heures 15 min;2235;;17,52;1109.0;Diffusion finie;2013;2023.0;Action;;MBS;;;Japon;;;https://www.imdb.com/title/tt2560140/;https://www.thetvdb.com/?tab=series&id=267440
L'Effondrement;;Terminée;20;8;8;0;0;100.0;2 heures 48 min;168;17.0;16,47;97.0;Diffusion finie;2019;2019.0;Drama;;Canal+;;;France;;;https://www.imdb.com/title/tt11248266/;https://www.thetvdb.com/?tab=series&id=371342
La Casa de Papel (Netflix);;En cours;50;45;48;0;0;94.0;1 jour 11 heures 56 min;2156;;16,34;1352.0;Diffusion finie;2017;2021.0;Drama;Thriller;Netflix;;;Espagne;;;https://www.imdb.com/title/tt6468322/;https://www.thetvdb.com/?tab=series&id=327417
Little House on the Prairie (1974);La petite maison dans la prairie;Terminée;42;211;211;0;0;100.0;6 jours 7 heures 02 min;9062;15.0;14,79;261.0;Diffusion finie;1974;1983.0;Drama;Action / Aventure;NBC;;;États-Unis;;;https://www.imdb.com/title/tt0071007/;https://www.thetvdb.com/?tab=series&id=77921
Laura : Le compte à rebours a commencé;;Terminée;90;4;4;0;0;100.0;6 heures 00 min;360;14.0;14,00;20.0;Diffusion finie;2006;2006.0;Drama;Action / Aventure;M6;;;France;;;https://www.imdb.com/title/tt0806887/;https://www.thetvdb.com/?tab=series&id=266271
The 10th Kingdom;Le 10ème Royaume;Terminée;46;10;10;0;0;100.0;7 heures 40 min;460;17.0;16,63;122.0;Diffusion finie;2000;2000.0;Drama;Fantasy;NBC;;;États-Unis;Royaume-Uni;Allemagne;https://www.imdb.com/title/tt0207275/;https://www.thetvdb.com/?tab=series&id=78886
Le Bureau des Légendes;;Abandonnée;52;1;50;0;0;2.0;54 min;54;;17,07;259.0;Diffusion finie;2015;2020.0;Drama;Policier;Canal+;;;France;;;https://www.imdb.com/title/tt4063800/;https://www.thetvdb.com/?tab=series&id=294564
The Pretender;Le Caméléon;Terminée;42;88;88;0;0;100.0;2 jours 15 heures 24 min;3804;;15,72;269.0;Diffusion finie;1996;2001.0;Drama;Thriller;NBC;TNT;;États-Unis;;;https://www.imdb.com/title/tt0115320/;https://www.thetvdb.com/?tab=series&id=70704
Headspace Guide to Meditation;Le Guide Headspace de la méditation;En cours;20;2;8;0;0;25.0;42 min;42;;19,83;6.0;Diffusion actuelle;2021;;Documentaire;;Netflix;;;États-Unis;;;https://www.imdb.com/title/tt13617024/;https://www.thetvdb.com/?tab=series&id=393105
The Queen's Gambit;Le Jeu de la dame;Terminée;60;7;7;0;0;100.0;6 heures 35 min;395;18.0;17,07;1039.0;Diffusion finie;2020;2020.0;Drama;Action / Aventure;Netflix;;;États-Unis;;;https://www.imdb.com/title/tt10048342/;https://www.thetvdb.com/?tab=series&id=387115
Le Maître du Zodiaque;;Terminée;100;5;5;0;0;100.0;8 heures 20 min;500;13.0;12,79;70.0;Diffusion finie;2006;2006.0;Drama;Policier;TF1;;;France;;;https://www.imdb.com/title/tt0486236/;https://www.thetvdb.com/?tab=series&id=130061
The Lord of the Rings: The Rings of Power;Le Seigneur des Anneaux : Les Anneaux de Pouvoir;A jour;60;16;16;0;0;100.0;18 heures 17 min;1097;;14,41;506.0;Diffusion actuelle;2022;;Drama;Fantasy;Prime Video (Amazon);;;États-Unis;;;https://www.imdb.com/title/tt7631058/;https://www.thetvdb.com/?tab=series&id=367506
The 100;Les 100;Abandonnée;42;4;100;0;0;4.0;2 heures 45 min;165;;15,84;1496.0;Diffusion finie;2014;2020.0;Drama;Science-Fiction;The CW;;;États-Unis;;;https://www.imdb.com/title/tt2661044/;https://www.thetvdb.com/?tab=series&id=268592
The 4400 (2004);Les 4400;Terminée;42;45;45;0;0;100.0;1 jour 7 heures 30 min;1890;16.0;14,41;274.0;Diffusion finie;2004;2007.0;Drama;Science-Fiction;USA Network;;;États-Unis;;;https://www.imdb.com/title/tt0389564/;https://www.thetvdb.com/?tab=series&id=73507
Les Aventures de Tintin (1992);;Terminée;20;39;39;0;0;100.0;13 heures 13 min;793;18.0;15,91;275.0;Diffusion finie;1992;1992.0;Animation;Aventure;France 3;;;France;;;https://www.imdb.com/title/tt0179552/;https://www.thetvdb.com/?tab=series&id=72668
Les Bougon (FR);;Terminée;52;10;10;0;0;100.0;8 heures 40 min;520;16.0;14,44;9.0;Diffusion finie;2008;2010.0;Comédie;;M6;;;France;;;https://www.imdb.com/title/tt1281482/;https://www.thetvdb.com/?tab=series&id=149261
The Kennedys;Les Kennedy;Terminée;42;8;8;0;0;100.0;5 heures 36 min;336;15.0;14,50;38.0;Diffusion finie;2011;2011.0;Drama;;ReelzChannel;;;Canada;;;https://www.imdb.com/title/tt1567215/;https://www.thetvdb.com/?tab=series&id=232911
Les Misérables (2000);;Terminée;90;4;4;0;0;100.0;6 heures 00 min;360;;15,61;18.0;Diffusion finie;2000;2000.0;Drama;Historique;TF1;;;France;;;https://www.imdb.com/title/tt0230534/;https://www.thetvdb.com/?tab=series&id=83193
The Pillars of the Earth;Les Piliers de la Terre;Terminée;52;8;8;0;0;100.0;6 heures 56 min;416;17.0;15,94;190.0;Diffusion finie;2010;2010.0;Drama;Historique;Starz;Movie Central;;Canada;;;https://www.imdb.com/title/tt1453159/;https://www.thetvdb.com/?tab=series&id=159431
Les Revenants;;Abandonnée;52;8;16;0;0;50.0;6 heures 57 min;417;;14,77;298.0;Diffusion finie;2012;2015.0;Drama;Fantastique;Canal+;;;France;;;https://www.imdb.com/title/tt2521668/;https://www.thetvdb.com/?tab=series&id=263677
Complete Savages;Les Sauvages;Terminée;22;19;19;0;0;100.0;6 heures 58 min;418;17.0;15,83;120.0;Diffusion finie;2004;2005.0;Comédie;Sitcom;ABC;;;États-Unis;;;https://www.imdb.com/title/tt0411024/;https://www.thetvdb.com/?tab=series&id=73827
The Simpsons;Les Simpson;Abandonnée;22;401;800;0;0;50.0;6 jours 3 heures 06 min;8826;18.0;16,68;676.0;Diffusion actuelle;1989;;Animation;Comédie;FOX;;;États-Unis;;;https://www.imdb.com/title/tt0096697/;https://www.thetvdb.com/?tab=series&id=71663
The Sopranos;Les Soprano;En cours;50;55;86;0;0;64.0;2 jours 1 heure 55 min;2995;;16,91;212.0;Diffusion finie;1999;2007.0;Drama;;HBO;;;États-Unis;;;https://www.imdb.com/title/tt0141842/;https://www.thetvdb.com/?tab=series&id=75299
The Musketeers;Les Trois Mousquetaires;Terminée;60;30;30;0;0;100.0;1 jour 6 heures 00 min;1800;18.0;15,76;198.0;Diffusion finie;2014;2016.0;Drama;Action / Aventure;BBC;;;Royaume-Uni;;;https://www.imdb.com/title/tt2733252/;https://www.thetvdb.com/?tab=series&id=269159
Lessons in Chemistry;;Terminée;45;8;8;0;0;100.0;6 heures 02 min;362;17.0;17,25;84.0;Diffusion finie;2023;2023.0;Drama;;Apple TV+;;;États-Unis;;;https://www.imdb.com/title/tt13911628/;https://www.thetvdb.com/?tab=series&id=395685
"Lois &amp; Clark: The New Adventures of Superman";Loïs et Clark, les nouvelles aventures de Superman;Terminée;42;88;88;0;0;100.0;2 jours 13 heures 36 min;3696;16.0;14,00;216.0;Diffusion finie;1993;1997.0;Drama;Fantastique;ABC;;;États-Unis;;;https://www.imdb.com/title/tt0106057/;https://www.thetvdb.com/?tab=series&id=72468
Lost;Lost, les disparus;En attente;42;110;122;0;0;90.0;3 jours 5 heures 00 min;4620;;15,92;1101.0;Diffusion finie;2004;2010.0;Drama;Science-Fiction;ABC;;;États-Unis;;;https://www.imdb.com/title/tt0411008/;https://www.thetvdb.com/?tab=series&id=73739
Love, Death + Robots;;En cours;10;3;45;0;0;7.0;41 min;41;;16,13;440.0;Diffusion actuelle;2019;;Animation;Science-Fiction;Netflix;;;États-Unis;;;https://www.imdb.com/title/tt9561862/;https://www.thetvdb.com/?tab=series&id=357888
Luther;;Terminée;55;20;20;0;0;100.0;16 heures 40 min;1000;;16,37;279.0;Diffusion finie;2010;2019.0;Drama;Policier;BBC;;;Royaume-Uni;;;https://www.imdb.com/title/tt1474684/;https://www.thetvdb.com/?tab=series&id=159591
My Wife and Kids;Ma famille d'abord;Terminée;22;123;123;0;0;100.0;1 jour 21 heures 06 min;2706;18.0;15,40;390.0;Diffusion finie;2001;2005.0;Comédie;Sitcom;ABC;;;États-Unis;;;https://www.imdb.com/title/tt0273855/;https://www.thetvdb.com/?tab=series&id=70329
Mad Men;;Terminée;48;92;92;0;0;100.0;3 jours 1 heure 36 min;4416;17.0;15,92;288.0;Diffusion finie;2007;2015.0;Drama;;AMC;;;États-Unis;;;https://www.imdb.com/title/tt0804503/;https://www.thetvdb.com/?tab=series&id=80337
Made in Abyss;;A commencer;24;0;25;0;0;0.0;0 min;0;;17,28;196.0;Diffusion actuelle;2017;;"Action &amp; Aventure";"Fantastique &amp; Mythe";AT-X;;;Japon;;;https://www.imdb.com/title/tt7222086/;https://www.thetvdb.com/?tab=series&id=326109
MAID;;En cours;50;2;10;0;0;20.0;1 heure 43 min;103;;16,66;195.0;Diffusion finie;2021;2021.0;Drama;;Netflix;;;États-Unis;;;https://www.imdb.com/title/tt11337908/;https://www.thetvdb.com/?tab=series&id=382936
Making a Murderer;;En cours;50;2;20;0;0;10.0;2 heures 02 min;122;;17,07;104.0;Diffusion finie;2015;2018.0;Documentaire;True Crime;Netflix;;;États-Unis;;;https://www.imdb.com/title/tt5189670/;https://www.thetvdb.com/?tab=series&id=303210
Malcolm in the Middle;Malcolm;Terminée;22;151;151;0;0;100.0;2 jours 7 heures 22 min;3322;16.0;17,01;1130.0;Diffusion finie;2000;2006.0;Comédie;;FOX;;;États-Unis;;;https://www.imdb.com/title/tt0212671/;https://www.thetvdb.com/?tab=series&id=73838
Marco Polo;;Terminée;52;21;21;0;0;100.0;18 heures 09 min;1089;;15,77;271.0;Diffusion finie;2014;2016.0;Drama;Historique;Netflix;;;États-Unis;;;https://www.imdb.com/title/tt2189461/;https://www.thetvdb.com/?tab=series&id=266091
Marvel's Daredevil;;Terminée;52;39;39;0;0;100.0;1 jour 10 heures 19 min;2059;17.0;16,30;934.0;Diffusion finie;2015;2018.0;Drama;Action / Aventure;Netflix;;;États-Unis;;;https://www.imdb.com/title/tt3322312/;https://www.thetvdb.com/?tab=series&id=281662
Marvel's Jessica Jones;;En attente;52;13;39;0;0;33.0;11 heures 01 min;661;;15,36;676.0;Diffusion finie;2015;2019.0;Drama;Action / Aventure;Netflix;;;États-Unis;;;https://www.imdb.com/title/tt2357547/;https://www.thetvdb.com/?tab=series&id=284190
Marvel's Luke Cage;;En attente;52;7;26;0;0;27.0;6 heures 18 min;378;;14,30;366.0;Diffusion finie;2016;2018.0;Drama;Action / Aventure;Netflix;;;États-Unis;;;https://www.imdb.com/title/tt3322314/;https://www.thetvdb.com/?tab=series&id=304219
Marvel's The Defenders;;Terminée;55;8;8;0;0;100.0;6 heures 38 min;398;;14,26;326.0;Diffusion finie;2017;2017.0;Drama;Fantastique;Netflix;;;États-Unis;;;https://www.imdb.com/title/tt4230076/;https://www.thetvdb.com/?tab=series&id=326490
Marvel's The Punisher;;Terminée;60;26;26;0;0;100.0;23 heures 02 min;1382;;16,12;449.0;Diffusion finie;2017;2019.0;Drama;Action / Aventure;Netflix;;;États-Unis;;;https://www.imdb.com/title/tt5675620/;https://www.thetvdb.com/?tab=series&id=331980
Masters of the Air;;Terminée;60;9;9;0;0;100.0;8 heures 30 min;510;16.0;16,72;82.0;Diffusion finie;2024;2024.0;Drama;Guerre;Apple TV+;;;États-Unis;;;https://www.imdb.com/title/tt2640044/;https://www.thetvdb.com/?tab=series&id=370853
Wednesday;Mercredi;En cours;45;11;16;0;0;69.0;9 heures 47 min;587;;15,79;940.0;Diffusion actuelle;2022;;Drama;Fantastique;Netflix;;;États-Unis;;;https://www.imdb.com/title/tt13443470/;https://www.thetvdb.com/?tab=series&id=397060
Merlin;;Terminée;45;65;65;0;0;100.0;1 jour 23 heures 25 min;2845;17.0;15,88;516.0;Diffusion finie;2008;2012.0;Drama;Fantasy;BBC;;;Royaume-Uni;;;https://www.imdb.com/title/tt1199099/;https://www.thetvdb.com/?tab=series&id=83123
Shin Kidô Senki Gundam W;Mobile Suit Gundam Wing;Abandonnée;25;26;49;0;0;53.0;10 heures 50 min;650;15.0;16,07;15.0;Diffusion finie;1995;1996.0;Mecha;"Action &amp; Aventure";TV Asahi;;;Japon;;;https://www.imdb.com/title/tt0159193/;https://www.thetvdb.com/?tab=series&id=79327
Modern Family;;En attente;22;37;250;0;0;15.0;13 heures 34 min;814;;16,26;571.0;Diffusion finie;2009;2020.0;Comédie;Sitcom;ABC;;;États-Unis;;;https://www.imdb.com/title/tt1442437/;https://www.thetvdb.com/?tab=series&id=95011
Monsters at Work;"Monstres &amp; Cie : Au travail";Abandonnée;25;5;20;0;0;25.0;2 heures 01 min;121;;14,34;38.0;Diffusion actuelle;2021;;Animation;Fantastique;Disney+;Disney Channel (USA);;États-Unis;;;https://www.imdb.com/title/tt8610082/;https://www.thetvdb.com/?tab=series&id=362280
Mr. Bean;;Terminée;28;14;14;0;0;100.0;6 heures 32 min;392;18.0;15,72;205.0;Diffusion finie;1990;1995.0;Comédie;Shortcom;iTV1;;;Royaume-Uni;;;https://www.imdb.com/title/tt0096657/;https://www.thetvdb.com/?tab=series&id=76316
Mr. Robot;;Terminée;42;45;45;0;0;100.0;1 jour 12 heures 13 min;2173;19.0;16,59;814.0;Diffusion finie;2015;2019.0;Drama;;USA Network;;;États-Unis;;;https://www.imdb.com/title/tt4158110/;https://www.thetvdb.com/?tab=series&id=289590
Mum;;En cours;30;3;18;0;0;17.0;1 heure 30 min;90;;17,11;18.0;Diffusion finie;2016;2019.0;Comédie;Sitcom;BBC Two;;;Royaume-Uni;;;https://www.imdb.com/title/tt5687446/;https://www.thetvdb.com/?tab=series&id=311214
Murderbot;Murderbot : Journal d'un AssaSynth;En cours;25;2;10;0;0;20.0;53 min;53;;14,64;28.0;Diffusion actuelle;2025;;Comédie;Science-Fiction;Apple TV+;;;États-Unis;;;https://www.imdb.com/title/tt30444310/;https://www.thetvdb.com/?tab=series&id=443396
Mystère;;Terminée;52;12;12;0;0;100.0;10 heures 24 min;624;14.0;12,15;20.0;Diffusion finie;2007;2007.0;Drama;Science-Fiction;TF1;;;France;;;https://www.imdb.com/title/tt0997268/;https://www.thetvdb.com/?tab=series&id=81779
Mythic Quest;;En cours;26;30;40;0;0;75.0;13 heures 32 min;812;;13,89;36.0;Diffusion finie;2020;2025.0;Comédie;;Apple TV+;;;États-Unis;;;https://www.imdb.com/title/tt8879940/;https://www.thetvdb.com/?tab=series&id=362829
Napoléon;;Terminée;90;4;4;0;0;100.0;6 heures 00 min;360;;15,29;51.0;Diffusion finie;2002;2002.0;Drama;Historique;France 2;;;France;;;https://www.imdb.com/title/tt0253839/;https://www.thetvdb.com/?tab=series&id=81712
Narcos;;En cours;52;6;30;0;0;20.0;4 heures 51 min;291;;16,61;627.0;Diffusion finie;2015;2017.0;Drama;;Netflix;;;États-Unis;;;https://www.imdb.com/title/tt2707408/;https://www.thetvdb.com/?tab=series&id=282670
Naruto;;Terminée;25;220;220;0;0;100.0;3 jours 19 heures 40 min;5500;16.0;16,30;635.0;Diffusion finie;2002;2007.0;"Action &amp; Aventure";"Combat &amp; Arts Mart.";Animax;;;Japon;;;https://www.imdb.com/title/tt0409591/;https://www.thetvdb.com/?tab=series&id=78857
Naruto: Shippuden;;Abandonnée;25;93;500;0;0;19.0;1 jour 14 heures 45 min;2325;;16,70;532.0;Diffusion finie;2007;2017.0;"Action &amp; Aventure";"Combat &amp; Arts Mart.";TV Tokyo;;;Japon;;;https://www.imdb.com/title/tt0988824/;https://www.thetvdb.com/?tab=series&id=79824
NieR:Automata Ver1.1a;;En attente;23;1;24;0;0;4.0;23 min;23;;14,53;19.0;Diffusion finie;2023;2024.0;Action;Science-Fiction;Tokyo MX;;;Japon;;;https://www.imdb.com/title/tt18311412/;https://www.thetvdb.com/?tab=series&id=416998
Noob;;Abandonnée;5;5;156;0;0;3.0;25 min;25;;15,25;221.0;Diffusion finie;2008;2024.0;Comédie;Fantastique;Web série;YouTube;;France;;;https://www.imdb.com/title/tt1391753/;https://www.thetvdb.com/?tab=series&id=111371
Our Planet;Notre planète;En cours;50;2;12;0;0;17.0;1 heure 42 min;102;;17,56;128.0;Diffusion finie;2019;2023.0;Documentaire;Nature;Netflix;;;États-Unis;;;https://www.imdb.com/title/tt9253866/;https://www.thetvdb.com/?tab=series&id=355229
Obi-Wan Kenobi;;Terminée;42;6;6;0;0;100.0;4 heures 32 min;272;14.0;13,62;344.0;Diffusion finie;2022;2022.0;Drama;Science-Fiction;Disney+;;;États-Unis;;;https://www.imdb.com/title/tt8466564/;https://www.thetvdb.com/?tab=series&id=393199
Captain Tsubasa (1983);Olive et Tom;Terminée;22;128;128;0;0;100.0;1 jour 22 heures 56 min;2816;;15,10;114.0;Diffusion finie;1983;1986.0;Sport;Action;TV Tokyo;;;Japon;;;https://www.imdb.com/title/tt0294023/;https://www.thetvdb.com/?tab=series&id=84045
One Outs;;Abandonnée;25;1;25;0;0;4.0;25 min;25;;16,54;24.0;Diffusion finie;2008;2009.0;Sport;;NTV;;;Japon;;;https://www.imdb.com/title/tt1411815/;https://www.thetvdb.com/?tab=series&id=84616
One Piece (1999);;En cours;24;848;1154;0;0;73.0;14 jours 3 heures 12 min;20352;;17,78;685.0;Diffusion actuelle;1999;;"Action &amp; Aventure";Comédie;Fuji TV;;;Japon;;;https://www.imdb.com/title/tt0388629/;https://www.thetvdb.com/?tab=series&id=81797
One Piece (2023);;A jour;60;8;8;0;0;100.0;7 heures 32 min;452;;16,12;407.0;Diffusion actuelle;2023;;Comédie;Action/Aventure;Netflix;;;États-Unis;Japon;;https://www.imdb.com/title/tt11737520/;https://www.thetvdb.com/?tab=series&id=392276
One Piece (Specials);;En attente;60;6;25;0;0;24.0;6 heures 32 min;392;;15,58;24.0;Diffusion actuelle;1998;;"Action &amp; Aventure";Comédie;Autres;;;Japon;;;;https://www.thetvdb.com/?tab=series&id=81797
Orange Is the New Black;;Terminée;55;91;91;0;0;100.0;3 jours 17 heures 27 min;5367;17.0;16,32;1302.0;Diffusion finie;2013;2019.0;Comédie;Comédie dramatique;Netflix;;;États-Unis;;;https://www.imdb.com/title/tt2372162/;https://www.thetvdb.com/?tab=series&id=264586
Outlander;Outlander : Le Chardon et le Tartan;En cours;55;59;91;0;0;65.0;2 jours 9 heures 42 min;3462;;17,13;912.0;Diffusion actuelle;2014;;Drama;Historique;Starz;;;Royaume-Uni;États-Unis;;https://www.imdb.com/title/tt3006802/;https://www.thetvdb.com/?tab=series&id=270408
Pachinko;;A jour;55;16;16;0;0;100.0;14 heures 16 min;856;;17,42;19.0;Diffusion actuelle;2022;;Drama;Historique;Apple TV+;;;États-Unis;Corée du Sud;;https://www.imdb.com/title/tt8888462/;https://www.thetvdb.com/?tab=series&id=368124
Peaky Blinders;;En cours;58;20;36;0;0;56.0;19 heures 20 min;1160;;17,21;1128.0;Diffusion finie;2013;2022.0;Drama;Historique;BBC Two;BBC One;;Royaume-Uni;;;https://www.imdb.com/title/tt2442560/;https://www.thetvdb.com/?tab=series&id=270915
"Peepoodo &amp; The Super Fuck Friends";;A jour;5;26;26;0;0;100.0;2 heures 15 min;135;;16,49;78.0;Diffusion actuelle;2018;;Animation;Comédie;Blackpills;;;France;;;https://www.imdb.com/title/tt10958980/;https://www.thetvdb.com/?tab=series&id=350191
Person of Interest;;A commencer;42;0;103;0;0;0.0;0 min;0;;16,70;535.0;Diffusion finie;2011;2016.0;Drama;Thriller;CBS;;;États-Unis;;;https://www.imdb.com/title/tt1839578/;https://www.thetvdb.com/?tab=series&id=248742
Persona 4: The Animation;;Terminée;25;26;26;0;0;100.0;10 heures 55 min;655;15.0;15,54;13.0;Diffusion finie;2011;2012.0;Action;"Fantastique &amp; Mythe";MBS;;;Japon;;;https://www.imdb.com/title/tt2387612/;https://www.thetvdb.com/?tab=series&id=252232
Pocket Monsters (1997);Pokémon;Abandonnée;25;329;1242;0;105;26.0;5 jours 17 heures 05 min;8225;17.0;15,54;179.0;Diffusion finie;1997;2023.0;"Action &amp; Aventure";;TV Tokyo;;;Japon;;;https://www.imdb.com/title/tt0176385/;https://www.thetvdb.com/?tab=series&id=76703
Pocket Monsters: The Origin;Pokémon : Les Origines;Terminée;27;4;4;0;0;100.0;1 heure 48 min;108;17.0;15,95;61.0;Diffusion finie;2013;2013.0;"Familial &amp; Jeunesse";"Action &amp; Aventure";TV Tokyo;;;Japon;;;https://www.imdb.com/title/tt3218680/;https://www.thetvdb.com/?tab=series&id=273616
Pocket Monsters Generations;Pokémon Générations;Abandonnée;5;3;18;0;0;17.0;15 min;15;;16,00;27.0;Diffusion finie;2016;2016.0;"Action &amp; Aventure";"Fantastique &amp; Mythe";Web série;YouTube;;Japon;;;https://www.imdb.com/title/tt6071336/;https://www.thetvdb.com/?tab=series&id=316998
Presumed Innocent;Présumé innocent;A jour;42;8;8;0;0;100.0;5 heures 47 min;347;;15,47;62.0;Diffusion actuelle;2024;;Drama;;Apple TV+;;;États-Unis;;;https://www.imdb.com/title/tt17677860/;https://www.thetvdb.com/?tab=series&id=415738
Prison Break;;Terminée;42;90;90;0;0;100.0;2 jours 17 heures 21 min;3921;18.0;15,27;1090.0;Diffusion finie;2005;2017.0;Drama;Action / Aventure;FOX;;;États-Unis;;;https://www.imdb.com/title/tt0455275/;https://www.thetvdb.com/?tab=series&id=360115
Private Practice;;Abandonnée;42;54;111;0;0;49.0;1 jour 13 heures 48 min;2268;;15,05;273.0;Diffusion finie;2007;2013.0;Drama;Médicale;ABC;;;États-Unis;;;https://www.imdb.com/title/tt0972412/;https://www.thetvdb.com/?tab=series&id=80542
Résistance;;Terminée;55;6;6;0;0;100.0;5 heures 30 min;330;17.0;16,39;38.0;Diffusion finie;2014;2014.0;Drama;;TF1;;;France;;;https://www.imdb.com/title/tt3587846/;https://www.thetvdb.com/?tab=series&id=281638
Rick and Morty;Rick et Morty;Abandonnée;22;2;81;0;0;2.0;44 min;44;;17,05;678.0;Diffusion actuelle;2013;;Animation;Science-Fiction;Adult Swim;;;États-Unis;;;https://www.imdb.com/title/tt2861424/;https://www.thetvdb.com/?tab=series&id=275274
Rome;;Terminée;55;22;22;0;0;100.0;19 heures 28 min;1168;17.0;16,40;362.0;Diffusion finie;2005;2007.0;Drama;;HBO;;;États-Unis;;;https://www.imdb.com/title/tt0384766/;https://www.thetvdb.com/?tab=series&id=73508
Scènes de ménages;;Abandonnée;6;330;1207;0;0;27.0;1 jour 9 heures 00 min;1980;16.0;15,13;177.0;Diffusion actuelle;2009;;Comédie;Shortcom;M6;;;France;;;https://www.imdb.com/title/tt1533783/;https://www.thetvdb.com/?tab=series&id=155291
Sense8;;Terminée;55;24;24;0;0;100.0;1 jour 0 heure 51 min;1491;18.0;17,34;1346.0;Diffusion finie;2015;2018.0;Drama;Science-Fiction;Netflix;;;États-Unis;;;https://www.imdb.com/title/tt2431438/;https://www.thetvdb.com/?tab=series&id=268156
Severance;;A jour;50;19;19;0;0;100.0;15 heures 32 min;932;;16,79;267.0;Diffusion actuelle;2022;;Drama;Thriller;Apple TV+;;;États-Unis;;;https://www.imdb.com/title/tt11280740/;https://www.thetvdb.com/?tab=series&id=371980
Sex Education;;Terminée;50;32;32;0;0;100.0;1 jour 5 heures 18 min;1758;18.0;16,08;1004.0;Diffusion finie;2019;2023.0;Drama;Comédie;Netflix;;;États-Unis;Royaume-Uni;;https://www.imdb.com/title/tt7767422/;https://www.thetvdb.com/?tab=series&id=356317
Shameless (US);;Abandonnée;55;10;134;0;0;7.0;8 heures 20 min;500;;17,16;658.0;Diffusion finie;2011;2021.0;Drama;Comédie;Showtime;;;États-Unis;;;https://www.imdb.com/title/tt1586680/;https://www.thetvdb.com/?tab=series&id=161511
Sharp Objects;;Abandonnée;52;2;8;0;0;25.0;1 heure 52 min;112;;16,17;135.0;Diffusion finie;2018;2018.0;Drama;;HBO;;;États-Unis;;;https://www.imdb.com/title/tt2649356/;https://www.thetvdb.com/?tab=series&id=346602
Sherlock;;Terminée;90;14;14;0;0;100.0;19 heures 34 min;1174;;17,83;1966.0;Diffusion finie;2010;2017.0;Drama;Policier;BBC;;;Royaume-Uni;;;https://www.imdb.com/title/tt1475582/;https://www.thetvdb.com/?tab=series&id=176941
Shining Girls;;Abandonnée;45;2;8;0;0;25.0;1 heure 40 min;100;;15,94;32.0;Diffusion finie;2022;2022.0;Drama;Thriller;Apple TV+;;;États-Unis;;;https://www.imdb.com/title/tt2953250/;https://www.thetvdb.com/?tab=series&id=385810
Sh?gun (2024);;A jour;60;10;10;0;0;100.0;9 heures 46 min;586;;16,62;169.0;Diffusion actuelle;2024;;Drama;Historique;FX;Disney+;;États-Unis;;;https://www.imdb.com/title/tt2788316/;https://www.thetvdb.com/?tab=series&id=392573
Shrinking;;A jour;30;22;22;0;0;100.0;12 heures 16 min;736;;16,18;93.0;Diffusion actuelle;2023;;Comédie;Comédie dramatique;Apple TV+;;;États-Unis;;;https://www.imdb.com/title/tt15677150/;https://www.thetvdb.com/?tab=series&id=411364
Silicon Valley;;Terminée;26;53;53;0;0;100.0;1 jour 0 heure 10 min;1450;17.0;15,99;165.0;Diffusion finie;2014;2019.0;Comédie;;HBO;;;États-Unis;;;https://www.imdb.com/title/tt2575988/;https://www.thetvdb.com/?tab=series&id=277165
Silo;;A jour;50;20;20;0;0;100.0;16 heures 36 min;996;;16,06;192.0;Diffusion actuelle;2023;;Drama;Science-Fiction;Apple TV+;;;États-Unis;;;https://www.imdb.com/title/tt14688458/;https://www.thetvdb.com/?tab=series&id=403245
Skins (UK);;Terminée;50;62;62;0;0;100.0;2 jours 3 heures 02 min;3062;16.0;15,48;538.0;Diffusion finie;2007;2013.0;Drama;;E4;;;Royaume-Uni;;;https://www.imdb.com/title/tt0840196/;https://www.thetvdb.com/?tab=series&id=79773
Smallville;;Abandonnée;42;152;217;0;0;70.0;4 jours 10 heures 24 min;6384;15.0;15,04;579.0;Diffusion finie;2001;2011.0;Drama;Fantastique;The WB;The CW;;États-Unis;;;https://www.imdb.com/title/tt0279600/;https://www.thetvdb.com/?tab=series&id=72218
Stalk;;A jour;25;20;20;0;0;100.0;7 heures 55 min;475;;14,53;53.0;Diffusion actuelle;2020;;Comédie;Comédie dramatique;France TV Slash;;;France;;;https://www.imdb.com/title/tt10133370/;https://www.thetvdb.com/?tab=series&id=369213
Star Trek: Discovery;;En cours;42;13;65;0;0;20.0;9 heures 43 min;583;;15,36;200.0;Diffusion finie;2017;2024.0;Drama;Science-Fiction;CBS All Access;Paramount+;;États-Unis;;;https://www.imdb.com/title/tt5171438/;https://www.thetvdb.com/?tab=series&id=328711
Star Wars Rebels;;Abandonnée;22;12;77;0;0;16.0;3 heures 29 min;209;;15,35;136.0;Diffusion finie;2014;2018.0;Animation;Science-Fiction;Disney XD;;;États-Unis;;;https://www.imdb.com/title/tt2930604/;https://www.thetvdb.com/?tab=series&id=283468
Stargate Atlantis;;Abandonnée;42;40;100;0;0;40.0;1 jour 4 heures 00 min;1680;;16,32;365.0;Diffusion finie;2004;2009.0;Drama;Science-Fiction;Syfy;;;États-Unis;;;https://www.imdb.com/title/tt0374455/;https://www.thetvdb.com/?tab=series&id=70851
Stargate SG-1;;Terminée;42;194;214;0;20;91.0;5 jours 16 heures 06 min;8166;16.0;16,75;600.0;Diffusion finie;1997;2007.0;Drama;Science-Fiction;Showtime;Syfy;;États-Unis;;;https://www.imdb.com/title/tt0118480/;https://www.thetvdb.com/?tab=series&id=72449
Stranger Things;;En cours;50;34;38;0;0;89.0;1 jour 10 heures 39 min;2079;;17,10;2299.0;Diffusion actuelle;2016;2025.0;Drama;Science-Fiction;Netflix;;;États-Unis;;;https://www.imdb.com/title/tt4574334/;https://www.thetvdb.com/?tab=series&id=305288
Succession;;Terminée;60;39;39;0;0;100.0;1 jour 16 heures 13 min;2413;19.0;15,76;102.0;Diffusion finie;2018;2023.0;Drama;;HBO;;;États-Unis;;;https://www.imdb.com/title/tt7660850/;https://www.thetvdb.com/?tab=series&id=338186
Summerland;;Terminée;42;26;26;0;0;100.0;18 heures 12 min;1092;14.0;13,13;84.0;Diffusion finie;2004;2005.0;Drama;;The WB;;;États-Unis;;;https://www.imdb.com/title/tt0400037/;https://www.thetvdb.com/?tab=series&id=72831
The Wire;Sur écoute;Terminée;60;60;60;0;0;100.0;2 jours 11 heures 00 min;3540;18.0;17,61;369.0;Diffusion finie;2002;2008.0;Drama;Policier;HBO;;;États-Unis;;;https://www.imdb.com/title/tt0306414/;https://www.thetvdb.com/?tab=series&id=79126
Suspectes;;Terminée;52;8;8;0;0;100.0;6 heures 56 min;416;14.0;14,59;22.0;Diffusion finie;2007;2007.0;Drama;;M6;;;France;;;https://www.imdb.com/title/tt1032842/;https://www.thetvdb.com/?tab=series&id=82518
Switched at Birth;Switched;En cours;42;47;103;0;0;46.0;1 jour 8 heures 54 min;1974;;15,64;225.0;Diffusion finie;2011;2017.0;Drama;Teen Drama;ABC Family;Freeform;;États-Unis;;;https://www.imdb.com/title/tt1758772/;https://www.thetvdb.com/?tab=series&id=247773
Tales of Symphonia the Animation;Tales of Symphonia;Terminée;30;4;4;0;0;100.0;2 heures 00 min;120;16.0;15,28;18.0;Diffusion finie;2007;2007.0;"Épique &amp; Héroique";Aventure;Autres;;;Japon;;;https://www.imdb.com/title/tt1090280/;https://www.thetvdb.com/?tab=series&id=80328
Ted Lasso;;A jour;30;34;34;0;0;100.0;1 jour 0 heure 08 min;1448;19.0;17,37;186.0;Diffusion actuelle;2020;;Comédie;Comédie dramatique;Apple TV+;;;États-Unis;;;https://www.imdb.com/title/tt10986410/;https://www.thetvdb.com/?tab=series&id=383203
Tehran;Téhéran;En cours;50;16;24;0;0;67.0;13 heures 01 min;781;;17,54;13.0;Diffusion actuelle;2020;;Drama;Thriller;Kan 11;Apple TV+;;Israël;;;https://www.imdb.com/title/tt10577736/;https://www.thetvdb.com/?tab=series&id=380010
The Acolyte;;A commencer;40;0;8;0;0;0.0;0 min;0;;13,13;119.0;Diffusion finie;2024;2024.0;Drama;Science-Fiction;Disney+;;;États-Unis;;;https://www.imdb.com/title/tt12262202/;https://www.thetvdb.com/?tab=series&id=393197
The Big Bang Theory;;En cours;22;235;279;0;0;84.0;3 jours 14 heures 06 min;5166;;16,89;1771.0;Diffusion finie;2007;2019.0;Comédie;Sitcom;CBS;;;États-Unis;;;https://www.imdb.com/title/tt0898266/;https://www.thetvdb.com/?tab=series&id=80379
The Crown;;Terminée;60;60;60;0;0;100.0;2 jours 6 heures 35 min;3275;17.0;16,89;593.0;Diffusion finie;2016;2023.0;Drama;Historique;Netflix;;;Royaume-Uni;États-Unis;;https://www.imdb.com/title/tt4786824/;https://www.thetvdb.com/?tab=series&id=305574
The Expanse;;En attente;42;1;62;0;0;2.0;44 min;44;;16,15;287.0;Diffusion finie;2015;2022.0;Drama;Science-Fiction;Syfy;Prime Video (Amazon);;États-Unis;;;https://www.imdb.com/title/tt3230854/;https://www.thetvdb.com/?tab=series&id=280619
The Fall;;En cours;60;11;17;0;0;65.0;12 heures 20 min;740;;16,27;278.0;Diffusion finie;2013;2016.0;Drama;Policier;RTE1;BBC Two;;Royaume-Uni;Irlande du Nord;;https://www.imdb.com/title/tt2294189/;https://www.thetvdb.com/?tab=series&id=258107
The Good Wife;;Abandonnée;42;46;156;0;0;29.0;1 jour 8 heures 12 min;1932;;16,01;288.0;Diffusion finie;2009;2016.0;Drama;Judiciaire;CBS;;;États-Unis;;;https://www.imdb.com/title/tt1442462/;https://www.thetvdb.com/?tab=series&id=95451
The Guild;;Abandonnée;7;22;70;0;0;31.0;2 heures 16 min;136;15.0;15,44;34.0;Diffusion finie;2007;2013.0;Comédie;Fantastique;Web série;YouTube;;États-Unis;;;https://www.imdb.com/title/tt1138475/;https://www.thetvdb.com/?tab=series&id=83949
The Handmaid's Tale;The Handmaid?s Tale : La Servante Écarlate;En attente;50;1;66;0;0;2.0;57 min;57;;16,94;822.0;Diffusion finie;2017;2025.0;Drama;Science-Fiction;Hulu;;;États-Unis;;;https://www.imdb.com/title/tt5834204/;https://www.thetvdb.com/?tab=series&id=321239
The Last of Us;;A jour;60;16;16;0;0;100.0;15 heures 01 min;901;;16,14;518.0;Diffusion actuelle;2023;;Drama;Horreur;HBO;;;États-Unis;;;https://www.imdb.com/title/tt3581920/;https://www.thetvdb.com/?tab=series&id=392256
The Mandalorian;;A jour;40;24;24;0;0;100.0;16 heures 35 min;995;;16,38;644.0;Diffusion actuelle;2019;;Drama;Science-Fiction;Disney+;;;États-Unis;;;https://www.imdb.com/title/tt8111088/;https://www.thetvdb.com/?tab=series&id=361753
The Newsroom;;En cours;55;14;25;0;0;56.0;13 heures 22 min;802;;16,74;99.0;Diffusion finie;2012;2014.0;Drama;;HBO;;;États-Unis;;;https://www.imdb.com/title/tt1870479/;https://www.thetvdb.com/?tab=series&id=256227
The Office (US);;En cours;22;1;201;0;0;0.0;22 min;22;;17,39;553.0;Diffusion finie;2005;2013.0;Comédie;;NBC;;;États-Unis;;;https://www.imdb.com/title/tt0386676/;https://www.thetvdb.com/?tab=series&id=73244
The Outsider;;Terminée;60;10;10;0;0;100.0;8 heures 43 min;523;14.0;14,61;72.0;Diffusion finie;2020;2020.0;Drama;Horreur;HBO;;;États-Unis;;;https://www.imdb.com/title/tt8550800/;https://www.thetvdb.com/?tab=series&id=365480
The Penguin;;A jour;50;8;8;0;0;100.0;7 heures 40 min;460;;15,77;99.0;Diffusion actuelle;2024;;Drama;Policier;HBO;Max;;États-Unis;;;https://www.imdb.com/title/tt15435876/;https://www.thetvdb.com/?tab=series&id=417648
The Pitt;;A commencer;50;0;15;0;0;0.0;0 min;0;;16,58;76.0;Diffusion actuelle;2025;;Drama;Médicale;Max;HBO Max;;États-Unis;;;https://www.imdb.com/title/tt31938062/;https://www.thetvdb.com/?tab=series&id=448176
The Studio;;A jour;30;10;10;0;0;100.0;5 heures 03 min;303;18.0;15,32;31.0;Diffusion actuelle;2025;;Comédie;;Apple TV+;;;États-Unis;;;https://www.imdb.com/title/tt23649128/;https://www.thetvdb.com/?tab=series&id=448147
The Undoing;;Terminée;45;6;6;0;0;100.0;5 heures 26 min;326;18.0;14,93;118.0;Diffusion finie;2020;2020.0;Drama;;HBO;;;États-Unis;;;https://www.imdb.com/title/tt8134470/;https://www.thetvdb.com/?tab=series&id=369307
The Village (2013);;Abandonnée;60;3;12;0;0;25.0;3 heures 00 min;180;;16,75;16.0;Diffusion finie;2013;2014.0;Drama;Historique;BBC;;;Royaume-Uni;;;https://www.imdb.com/title/tt2394340/;https://www.thetvdb.com/?tab=series&id=267149
The Walking Dead;;Abandonnée;45;99;177;0;0;56.0;3 jours 2 heures 08 min;4448;;16,19;2374.0;Diffusion finie;2010;2022.0;Drama;Horreur;AMC;;;États-Unis;;;https://www.imdb.com/title/tt1520211/;https://www.thetvdb.com/?tab=series&id=153021
The Witcher;;En cours;60;18;32;0;0;56.0;17 heures 32 min;1052;;15,46;892.0;Diffusion actuelle;2019;;Drama;Fantasy;Netflix;;;États-Unis;;;https://www.imdb.com/title/tt5180504/;https://www.thetvdb.com/?tab=series&id=362696
Thirteen;;A commencer;60;0;5;0;0;0.0;0 min;0;;15,28;92.0;Diffusion finie;2016;2016.0;Drama;;BBC Three;;;Royaume-Uni;;;https://www.imdb.com/title/tt5159916/;https://www.thetvdb.com/?tab=series&id=307636
Those About to Die;;A jour;60;10;10;0;0;100.0;9 heures 18 min;558;;15,03;72.0;Diffusion actuelle;2024;;Drama;Historique;Peacock;;;États-Unis;;;https://www.imdb.com/title/tt10569934/;https://www.thetvdb.com/?tab=series&id=422772
Tokyo Vice (2022);;Terminée;60;18;18;0;0;100.0;17 heures 26 min;1046;17.0;16,24;58.0;Diffusion finie;2022;2024.0;Drama;Policier;HBO Max;WOWOW;;États-Unis;Japon;;https://www.imdb.com/title/tt2887954/;https://www.thetvdb.com/?tab=series&id=366624
Torchwood;;Abandonnée;50;2;41;0;0;5.0;1 heure 40 min;100;;15,75;230.0;Diffusion finie;2006;2011.0;Drama;Science-Fiction;BBC Three;;;Royaume-Uni;;;https://www.imdb.com/title/tt0485301/;https://www.thetvdb.com/?tab=series&id=79511
Toriko;;Abandonnée;25;3;147;0;0;2.0;1 heure 15 min;75;;15,68;34.0;Diffusion finie;2011;2014.0;Action;Comédie;Fuji TV;;;Japon;;;https://www.imdb.com/title/tt1899047/;https://www.thetvdb.com/?tab=series&id=247231
8 Simple Rules... for Dating My Teenage Daughter;Touche pas à mes filles;Terminée;22;76;76;0;0;100.0;1 jour 3 heures 52 min;1672;;13,63;123.0;Diffusion finie;2002;2005.0;Comédie;Sitcom;ABC;;;États-Unis;;;https://www.imdb.com/title/tt0312081/;https://www.thetvdb.com/?tab=series&id=78461
True Detective;;En attente;60;1;30;0;0;3.0;57 min;57;;16,94;777.0;Diffusion actuelle;2014;;Drama;Policier;HBO;;;États-Unis;;;https://www.imdb.com/title/tt2356777/;https://www.thetvdb.com/?tab=series&id=270633
World without End;Un monde sans fin;Terminée;52;8;8;0;0;100.0;6 heures 56 min;416;;14,15;53.0;Diffusion finie;2012;2012.0;Drama;Historique;Showcase (CAN);;;Canada;;;https://www.imdb.com/title/tt1878805/;https://www.thetvdb.com/?tab=series&id=261656
Un village français;;En cours;50;66;72;0;0;92.0;2 jours 7 heures 35 min;3335;;16,77;111.0;Diffusion finie;2009;2017.0;Drama;;France 3;;;France;;;https://www.imdb.com/title/tt1288631/;https://www.thetvdb.com/?tab=series&id=211941
Un paso adelante;Un, dos, tres;Terminée;80;84;84;0;0;100.0;4 jours 16 heures 00 min;6720;15.0;14,42;235.0;Diffusion finie;2002;2005.0;Drama;Teen Drama;Antena 3;;;Espagne;;;https://www.imdb.com/title/tt0338639/;https://www.thetvdb.com/?tab=series&id=144491
Unbelievable;;Terminée;45;8;8;0;0;100.0;6 heures 25 min;385;18.0;16,43;289.0;Diffusion finie;2019;2019.0;Drama;Policier;Netflix;;;États-Unis;;;https://www.imdb.com/title/tt7909970/;https://www.thetvdb.com/?tab=series&id=367030
Une famille formidable;;En attente;90;17;53;0;0;32.0;1 jour 1 heure 30 min;1530;;14,53;51.0;Diffusion finie;1992;2018.0;Comédie;Comédie dramatique;TF1;;;France;;;https://www.imdb.com/title/tt0169504/;https://www.thetvdb.com/?tab=series&id=109241
Still Standing;Une famille presque parfaite;Terminée;22;88;88;0;0;100.0;1 jour 8 heures 16 min;1936;15.0;13,69;13.0;Diffusion finie;2002;2006.0;Comédie;Sitcom;CBS;;;États-Unis;;;https://www.imdb.com/title/tt0320970/;https://www.thetvdb.com/?tab=series&id=70692
Unorthodox;;Terminée;55;4;4;0;0;100.0;3 heures 33 min;213;18.0;16,22;274.0;Diffusion finie;2020;2020.0;Drama;;Netflix;;;Allemagne;;;https://www.imdb.com/title/tt9815454/;https://www.thetvdb.com/?tab=series&id=376122
ER;Urgences;Terminée;42;331;331;0;0;100.0;9 jours 16 heures 23 min;13943;16.0;16,17;271.0;Diffusion finie;1994;2009.0;Drama;Médicale;NBC;;;États-Unis;;;https://www.imdb.com/title/tt0108757/;https://www.thetvdb.com/?tab=series&id=70761
Versailles;;En cours;52;1;30;0;0;3.0;54 min;54;;15,90;246.0;Diffusion finie;2015;2018.0;Drama;Historique;Canal+;;;France;Canada;Belgique;https://www.imdb.com/title/tt3830558/;https://www.thetvdb.com/?tab=series&id=300280
Victoire Bonnot;;Terminée;90;6;6;0;0;100.0;9 heures 00 min;540;15.0;13,76;17.0;Diffusion finie;2010;2012.0;Drama;;M6;;;France;;;https://www.imdb.com/title/tt1611715/;https://www.thetvdb.com/?tab=series&id=273527
Victoria;;Abandonnée;46;2;25;0;0;8.0;1 heure 54 min;114;;16,95;152.0;Diffusion finie;2016;2019.0;Drama;Historique;ITV;;;Royaume-Uni;;;https://www.imdb.com/title/tt5137338/;https://www.thetvdb.com/?tab=series&id=302205
Vinland Saga;;En cours;25;2;50;0;0;4.0;54 min;54;;16,66;162.0;Diffusion actuelle;2019;;"Action &amp; Aventure";Drame;NHK;;;Japon;;;https://www.imdb.com/title/tt10233448/;https://www.thetvdb.com/?tab=series&id=359274
Violet Evergarden;;Abandonnée;24;1;14;0;0;7.0;24 min;24;;17,62;397.0;Diffusion finie;2018;2018.0;Drame;"Fantastique &amp; Mythe";Netflix;Tokyo MX;;Japon;;;https://www.imdb.com/title/tt7078180/;https://www.thetvdb.com/?tab=series&id=330139
Watchmen;;A commencer;60;0;9;0;0;0.0;0 min;0;;15,96;189.0;Diffusion finie;2019;2019.0;Drama;Action / Aventure;HBO;;;États-Unis;;;https://www.imdb.com/title/tt7049682/;https://www.thetvdb.com/?tab=series&id=360733
Westworld;;Terminée;55;36;36;0;0;100.0;1 jour 12 heures 20 min;2180;18.0;16,47;840.0;Diffusion finie;2016;2022.0;Drama;Science-Fiction;HBO;;;États-Unis;;;https://www.imdb.com/title/tt0475784/;https://www.thetvdb.com/?tab=series&id=296762
The X-Files;X-Files : Aux frontières du réel;En cours;42;208;218;0;0;95.0;6 jours 12 heures 00 min;9360;17.0;16,47;413.0;Diffusion finie;1993;2018.0;Drama;Science-Fiction;FOX;;;États-Unis;;;https://www.imdb.com/title/tt0106179/;https://www.thetvdb.com/?tab=series&id=77398
Years and Years;;Terminée;57;6;6;0;0;100.0;5 heures 44 min;344;18.0;17,24;174.0;Diffusion finie;2019;2019.0;Drama;Politique;BBC One;;;Royaume-Uni;;;https://www.imdb.com/title/tt8694364/;https://www.thetvdb.com/?tab=series&id=348598
YOU;;En cours;45;30;50;0;0;60.0;23 heures 49 min;1429;;15,32;735.0;Diffusion finie;2018;2025.0;Drama;Thriller;Lifetime (US);Netflix;;États-Unis;;;https://www.imdb.com/title/tt7335184/;https://www.thetvdb.com/?tab=series&id=336924
Shigatsu wa Kimi no Uso;Your Lie in April;Abandonnée;24;12;23;0;0;52.0;4 heures 48 min;288;;17,17;260.0;Diffusion finie;2014;2015.0;"Amour &amp; Amitié";Tranche de vie;Fuji TV;;;Japon;;;https://www.imdb.com/title/tt3895150/;https://www.thetvdb.com/?tab=series&id=279830
Yû Gi Ô;Yu-Gi-Oh! First series;Terminée;24;27;27;0;0;100.0;10 heures 48 min;648;15.0;14,67;30.0;Diffusion finie;1998;1998.0;"Action &amp; Aventure";"Fantastique &amp; Mythe";TV Tokyo;;;Japon;;;https://www.imdb.com/title/tt4834194/;https://www.thetvdb.com/?tab=series&id=113561
Zodiaque;;Terminée;100;5;5;0;0;100.0;8 heures 20 min;500;15.0;14,82;87.0;Diffusion finie;2004;2004.0;Drama;Policier;TF1;;;France;;;https://www.imdb.com/title/tt0386139/;https://www.thetvdb.com/?tab=series&id=174241
